2026-06-21 15:24:13 INFO  o.h.validator.internal.util.Version - HV000001: Hibernate Validator 8.0.2.Final
2026-06-21 15:24:13 INFO  c.r.ReserveMeApplicationTests - Starting ReserveMeApplicationTests using Java 21.0.8 with PID 15752 (started by Stefano in C:\Users\Stefano\Desktop\ReserveME\ReserveME\backend)
2026-06-21 15:24:13 DEBUG c.r.ReserveMeApplicationTests - Running with Spring Boot v3.5.3, Spring v6.2.8
2026-06-21 15:24:13 INFO  c.r.ReserveMeApplicationTests - No active profile set, falling back to 1 default profile: "default"
2026-06-21 15:24:14 INFO  o.s.d.r.c.RepositoryConfigurationDelegate - Bootstrapping Spring Data JPA repositories in DEFAULT mode.
2026-06-21 15:24:14 INFO  o.s.d.r.c.RepositoryConfigurationDelegate - Finished Spring Data repository scanning in 90 ms. Found 11 JPA repository interfaces.
2026-06-21 15:24:15 INFO  com.zaxxer.hikari.HikariDataSource - HikariPool-1 - Starting...
2026-06-21 15:24:16 WARN  o.s.w.c.s.GenericWebApplicationContext - Exception encountered during context initialization - cancelling refresh attempt: org.springframework.beans.factory.BeanCreationException: Error creating bean with name 'entityManagerFactory' defined in class path resource [org/springframework/boot/autoconfigure/orm/jpa/HibernateJpaConfiguration.class]: Failed to initialize dependency 'flywayInitializer' of LoadTimeWeaverAware bean 'entityManagerFactory': Error creating bean with name 'flywayInitializer' defined in class path resource [org/springframework/boot/autoconfigure/flyway/FlywayAutoConfiguration$FlywayConfiguration.class]: Unable to obtain connection from database: FATALE: autenticazione con password fallita per l'utente "reserveme_user"
--------------------------------------------------------------------------------------------------------------------
SQL State  : 28P01
Error Code : 0
Message    : FATALE: autenticazione con password fallita per l'utente "reserveme_user"

2026-06-21 15:24:16 INFO  o.s.b.a.l.ConditionEvaluationReportLogger - 

Error starting ApplicationContext. To display the condition evaluation report re-run your application with 'debug' enabled.
2026-06-21 15:24:16 ERROR o.s.boot.SpringApplication - Application run failed
org.springframework.beans.factory.BeanCreationException: Error creating bean with name 'entityManagerFactory' defined in class path resource [org/springframework/boot/autoconfigure/orm/jpa/HibernateJpaConfiguration.class]: Failed to initialize dependency 'flywayInitializer' of LoadTimeWeaverAware bean 'entityManagerFactory': Error creating bean with name 'flywayInitializer' defined in class path resource [org/springframework/boot/autoconfigure/flyway/FlywayAutoConfiguration$FlywayConfiguration.class]: Unable to obtain connection from database: FATALE: autenticazione con password fallita per l'utente "reserveme_user"
--------------------------------------------------------------------------------------------------------------------
SQL State  : 28P01
Error Code : 0
Message    : FATALE: autenticazione con password fallita per l'utente "reserveme_user"

	at org.springframework.beans.factory.support.AbstractBeanFactory.doGetBean(AbstractBeanFactory.java:328)
	at org.springframework.beans.factory.support.AbstractBeanFactory.getBean(AbstractBeanFactory.java:207)
	at org.springframework.context.support.AbstractApplicationContext.finishBeanFactoryInitialization(AbstractApplicationContext.java:970)
	at org.springframework.context.support.AbstractApplicationContext.refresh(AbstractApplicationContext.java:627)
	at org.springframework.boot.SpringApplication.refresh(SpringApplication.java:752)
	at org.springframework.boot.SpringApplication.refreshContext(SpringApplication.java:439)
	at org.springframework.boot.SpringApplication.run(SpringApplication.java:318)
	at org.springframework.boot.test.context.SpringBootContextLoader.lambda$loadContext$3(SpringBootContextLoader.java:144)
	at org.springframework.util.function.ThrowingSupplier.get(ThrowingSupplier.java:58)
	at org.springframework.util.function.ThrowingSupplier.get(ThrowingSupplier.java:46)
	at org.springframework.boot.SpringApplication.withHook(SpringApplication.java:1461)
	at org.springframework.boot.test.context.SpringBootContextLoader$ContextLoaderHook.run(SpringBootContextLoader.java:563)
	at org.springframework.boot.test.context.SpringBootContextLoader.loadContext(SpringBootContextLoader.java:144)
	at org.springframework.boot.test.context.SpringBootContextLoader.loadContext(SpringBootContextLoader.java:110)
	at org.springframework.test.context.cache.DefaultCacheAwareContextLoaderDelegate.loadContextInternal(DefaultCacheAwareContextLoaderDelegate.java:225)
	at org.springframework.test.context.cache.DefaultCacheAwareContextLoaderDelegate.loadContext(DefaultCacheAwareContextLoaderDelegate.java:152)
	at org.springframework.test.context.support.DefaultTestContext.getApplicationContext(DefaultTestContext.java:130)
	at org.springframework.test.context.web.ServletTestExecutionListener.setUpRequestContextIfNecessary(ServletTestExecutionListener.java:200)
	at org.springframework.test.context.web.ServletTestExecutionListener.prepareTestInstance(ServletTestExecutionListener.java:139)
	at org.springframework.test.context.TestContextManager.prepareTestInstance(TestContextManager.java:260)
	at org.springframework.test.context.junit.jupiter.SpringExtension.postProcessTestInstance(SpringExtension.java:159)
	at org.junit.jupiter.engine.descriptor.ClassBasedTestDescriptor.lambda$invokeTestInstancePostProcessors$10(ClassBasedTestDescriptor.java:383)
	at org.junit.jupiter.engine.descriptor.ClassBasedTestDescriptor.executeAndMaskThrowable(ClassBasedTestDescriptor.java:388)
	at org.junit.jupiter.engine.descriptor.ClassBasedTestDescriptor.lambda$invokeTestInstancePostProcessors$11(ClassBasedTestDescriptor.java:382)
	at java.base/java.util.stream.ForEachOps$ForEachOp$OfRef.accept(ForEachOps.java:184)
	at java.base/java.util.stream.ReferencePipeline$3$1.accept(ReferencePipeline.java:197)
	at java.base/java.util.stream.ReferencePipeline$2$1.accept(ReferencePipeline.java:179)
	at java.base/java.util.stream.ReferencePipeline$3$1.accept(ReferencePipeline.java:197)
	at java.base/java.util.ArrayList$ArrayListSpliterator.forEachRemaining(ArrayList.java:1708)
	at java.base/java.util.stream.AbstractPipeline.copyInto(AbstractPipeline.java:509)
	at java.base/java.util.stream.AbstractPipeline.wrapAndCopyInto(AbstractPipeline.java:499)
	at java.base/java.util.stream.ForEachOps$ForEachOp.evaluateSequential(ForEachOps.java:151)
	at java.base/java.util.stream.ForEachOps$ForEachOp$OfRef.evaluateSequential(ForEachOps.java:174)
	at java.base/java.util.stream.AbstractPipeline.evaluate(AbstractPipeline.java:234)
	at java.base/java.util.stream.ReferencePipeline.forEach(ReferencePipeline.java:596)
	at org.junit.jupiter.engine.descriptor.ClassBasedTestDescriptor.invokeTestInstancePostProcessors(ClassBasedTestDescriptor.java:382)
	at org.junit.jupiter.engine.descriptor.ClassBasedTestDescriptor.lambda$instantiateAndPostProcessTestInstance$6(ClassBasedTestDescriptor.java:293)
	at org.junit.platform.engine.support.hierarchical.ThrowableCollector.execute(ThrowableCollector.java:73)
	at org.junit.jupiter.engine.descriptor.ClassBasedTestDescriptor.instantiateAndPostProcessTestInstance(ClassBasedTestDescriptor.java:292)
	at org.junit.jupiter.engine.descriptor.ClassBasedTestDescriptor.lambda$testInstancesProvider$4(ClassBasedTestDescriptor.java:281)
	at java.base/java.util.Optional.orElseGet(Optional.java:364)
	at org.junit.jupiter.engine.descriptor.ClassBasedTestDescriptor.lambda$testInstancesProvider$5(ClassBasedTestDescriptor.java:280)
	at org.junit.jupiter.engine.execution.TestInstancesProvider.getTestInstances(TestInstancesProvider.java:27)
	at org.junit.jupiter.engine.descriptor.TestMethodTestDescriptor.lambda$prepare$0(TestMethodTestDescriptor.java:112)
	at org.junit.platform.engine.support.hierarchical.ThrowableCollector.execute(ThrowableCollector.java:73)
	at org.junit.jupiter.engine.descriptor.TestMethodTestDescriptor.prepare(TestMethodTestDescriptor.java:111)
	at org.junit.jupiter.engine.descriptor.TestMethodTestDescriptor.prepare(TestMethodTestDescriptor.java:69)
	at org.junit.platform.engine.support.hierarchical.NodeTestTask.lambda$prepare$2(NodeTestTask.java:128)
	at org.junit.platform.engine.support.hierarchical.ThrowableCollector.execute(ThrowableCollector.java:73)
	at org.junit.platform.engine.support.hierarchical.NodeTestTask.prepare(NodeTestTask.java:128)
	at org.junit.platform.engine.support.hierarchical.NodeTestTask.execute(NodeTestTask.java:95)
	at java.base/java.util.ArrayList.forEach(ArrayList.java:1596)
	at org.junit.platform.engine.support.hierarchical.SameThreadHierarchicalTestExecutorService.invokeAll(SameThreadHierarchicalTestExecutorService.java:41)
	at org.junit.platform.engine.support.hierarchical.NodeTestTask.lambda$executeRecursively$6(NodeTestTask.java:160)
	at org.junit.platform.engine.support.hierarchical.ThrowableCollector.execute(ThrowableCollector.java:73)
	at org.junit.platform.engine.support.hierarchical.NodeTestTask.lambda$executeRecursively$8(NodeTestTask.java:146)
	at org.junit.platform.engine.support.hierarchical.Node.around(Node.java:137)
	at org.junit.platform.engine.support.hierarchical.NodeTestTask.lambda$executeRecursively$9(NodeTestTask.java:144)
	at org.junit.platform.engine.support.hierarchical.ThrowableCollector.execute(ThrowableCollector.java:73)
	at org.junit.platform.engine.support.hierarchical.NodeTestTask.executeRecursively(NodeTestTask.java:143)
	at org.junit.platform.engine.support.hierarchical.NodeTestTask.execute(NodeTestTask.java:100)
	at java.base/java.util.ArrayList.forEach(ArrayList.java:1596)
	at org.junit.platform.engine.support.hierarchical.SameThreadHierarchicalTestExecutorService.invokeAll(SameThreadHierarchicalTestExecutorService.java:41)
	at org.junit.platform.engine.support.hierarchical.NodeTestTask.lambda$executeRecursively$6(NodeTestTask.java:160)
	at org.junit.platform.engine.support.hierarchical.ThrowableCollector.execute(ThrowableCollector.java:73)
	at org.junit.platform.engine.support.hierarchical.NodeTestTask.lambda$executeRecursively$8(NodeTestTask.java:146)
	at org.junit.platform.engine.support.hierarchical.Node.around(Node.java:137)
	at org.junit.platform.engine.support.hierarchical.NodeTestTask.lambda$executeRecursively$9(NodeTestTask.java:144)
	at org.junit.platform.engine.support.hierarchical.ThrowableCollector.execute(ThrowableCollector.java:73)
	at org.junit.platform.engine.support.hierarchical.NodeTestTask.executeRecursively(NodeTestTask.java:143)
	at org.junit.platform.engine.support.hierarchical.NodeTestTask.execute(NodeTestTask.java:100)
	at org.junit.platform.engine.support.hierarchical.SameThreadHierarchicalTestExecutorService.submit(SameThreadHierarchicalTestExecutorService.java:35)
	at org.junit.platform.engine.support.hierarchical.HierarchicalTestExecutor.execute(HierarchicalTestExecutor.java:57)
	at org.junit.platform.engine.support.hierarchical.HierarchicalTestEngine.execute(HierarchicalTestEngine.java:54)
	at org.junit.platform.launcher.core.EngineExecutionOrchestrator.execute(EngineExecutionOrchestrator.java:201)
	at org.junit.platform.launcher.core.EngineExecutionOrchestrator.execute(EngineExecutionOrchestrator.java:170)
	at org.junit.platform.launcher.core.EngineExecutionOrchestrator.execute(EngineExecutionOrchestrator.java:94)
	at org.junit.platform.launcher.core.EngineExecutionOrchestrator.lambda$execute$0(EngineExecutionOrchestrator.java:59)
	at org.junit.platform.launcher.core.EngineExecutionOrchestrator.withInterceptedStreams(EngineExecutionOrchestrator.java:142)
	at org.junit.platform.launcher.core.EngineExecutionOrchestrator.execute(EngineExecutionOrchestrator.java:58)
	at org.junit.platform.launcher.core.DefaultLauncher.execute(DefaultLauncher.java:103)
	at org.junit.platform.launcher.core.DefaultLauncher.execute(DefaultLauncher.java:85)
	at org.junit.platform.launcher.core.DelegatingLauncher.execute(DelegatingLauncher.java:47)
	at org.junit.platform.launcher.core.InterceptingLauncher.lambda$execute$1(InterceptingLauncher.java:39)
	at org.junit.platform.launcher.core.ClasspathAlignmentCheckingLauncherInterceptor.intercept(ClasspathAlignmentCheckingLauncherInterceptor.java:25)
	at org.junit.platform.launcher.core.InterceptingLauncher.execute(InterceptingLauncher.java:38)
	at org.junit.platform.launcher.core.DelegatingLauncher.execute(DelegatingLauncher.java:47)
	at org.apache.maven.surefire.junitplatform.LazyLauncher.execute(LazyLauncher.java:56)
	at org.apache.maven.surefire.junitplatform.JUnitPlatformProvider.execute(JUnitPlatformProvider.java:194)
	at org.apache.maven.surefire.junitplatform.JUnitPlatformProvider.invokeAllTests(JUnitPlatformProvider.java:150)
	at org.apache.maven.surefire.junitplatform.JUnitPlatformProvider.invoke(JUnitPlatformProvider.java:124)
	at org.apache.maven.surefire.booter.ForkedBooter.runSuitesInProcess(ForkedBooter.java:385)
	at org.apache.maven.surefire.booter.ForkedBooter.execute(ForkedBooter.java:162)
	at org.apache.maven.surefire.booter.ForkedBooter.run(ForkedBooter.java:507)
	at org.apache.maven.surefire.booter.ForkedBooter.main(ForkedBooter.java:495)
Caused by: org.springframework.beans.factory.BeanCreationException: Error creating bean with name 'flywayInitializer' defined in class path resource [org/springframework/boot/autoconfigure/flyway/FlywayAutoConfiguration$FlywayConfiguration.class]: Unable to obtain connection from database: FATALE: autenticazione con password fallita per l'utente "reserveme_user"
--------------------------------------------------------------------------------------------------------------------
SQL State  : 28P01
Error Code : 0
Message    : FATALE: autenticazione con password fallita per l'utente "reserveme_user"

	at org.springframework.beans.factory.support.AbstractAutowireCapableBeanFactory.initializeBean(AbstractAutowireCapableBeanFactory.java:1826)
	at org.springframework.beans.factory.support.AbstractAutowireCapableBeanFactory.doCreateBean(AbstractAutowireCapableBeanFactory.java:607)
	at org.springframework.beans.factory.support.AbstractAutowireCapableBeanFactory.createBean(AbstractAutowireCapableBeanFactory.java:529)
	at org.springframework.beans.factory.support.AbstractBeanFactory.lambda$doGetBean$0(AbstractBeanFactory.java:339)
	at org.springframework.beans.factory.support.DefaultSingletonBeanRegistry.getSingleton(DefaultSingletonBeanRegistry.java:373)
	at org.springframework.beans.factory.support.AbstractBeanFactory.doGetBean(AbstractBeanFactory.java:337)
	at org.springframework.beans.factory.support.AbstractBeanFactory.getBean(AbstractBeanFactory.java:202)
	at org.springframework.beans.factory.support.AbstractBeanFactory.doGetBean(AbstractBeanFactory.java:315)
	... 94 common frames omitted
Caused by: org.flywaydb.core.internal.exception.FlywaySqlException: Unable to obtain connection from database: FATALE: autenticazione con password fallita per l'utente "reserveme_user"
--------------------------------------------------------------------------------------------------------------------
SQL State  : 28P01
Error Code : 0
Message    : FATALE: autenticazione con password fallita per l'utente "reserveme_user"

	at org.flywaydb.core.internal.jdbc.JdbcUtils.openConnection(JdbcUtils.java:71)
	at org.flywaydb.core.internal.jdbc.JdbcConnectionFactory.<init>(JdbcConnectionFactory.java:76)
	at org.flywaydb.core.FlywayExecutor.execute(FlywayExecutor.java:136)
	at org.flywaydb.core.Flyway.migrate(Flyway.java:188)
	at org.springframework.boot.autoconfigure.flyway.FlywayMigrationInitializer.afterPropertiesSet(FlywayMigrationInitializer.java:66)
	at org.springframework.beans.factory.support.AbstractAutowireCapableBeanFactory.invokeInitMethods(AbstractAutowireCapableBeanFactory.java:1873)
	at org.springframework.beans.factory.support.AbstractAutowireCapableBeanFactory.initializeBean(AbstractAutowireCapableBeanFactory.java:1822)
	... 101 common frames omitted
Caused by: org.postgresql.util.PSQLException: FATALE: autenticazione con password fallita per l'utente "reserveme_user"
	at org.postgresql.core.v3.ConnectionFactoryImpl.doAuthentication(ConnectionFactoryImpl.java:777)
	at org.postgresql.core.v3.ConnectionFactoryImpl.tryConnect(ConnectionFactoryImpl.java:234)
	at org.postgresql.core.v3.ConnectionFactoryImpl.openConnectionImpl(ConnectionFactoryImpl.java:289)
	at org.postgresql.core.ConnectionFactory.openConnection(ConnectionFactory.java:57)
	at org.postgresql.jdbc.PgConnection.<init>(PgConnection.java:277)
	at org.postgresql.Driver.makeConnection(Driver.java:448)
	at org.postgresql.Driver.connect(Driver.java:298)
	at com.zaxxer.hikari.util.DriverDataSource.getConnection(DriverDataSource.java:139)
	at com.zaxxer.hikari.pool.PoolBase.newConnection(PoolBase.java:368)
	at com.zaxxer.hikari.pool.PoolBase.newPoolEntry(PoolBase.java:205)
	at com.zaxxer.hikari.pool.HikariPool.createPoolEntry(HikariPool.java:483)
	at com.zaxxer.hikari.pool.HikariPool.checkFailFast(HikariPool.java:571)
	at com.zaxxer.hikari.pool.HikariPool.<init>(HikariPool.java:101)
	at com.zaxxer.hikari.HikariDataSource.getConnection(HikariDataSource.java:111)
	at org.flywaydb.core.internal.jdbc.JdbcUtils.openConnection(JdbcUtils.java:59)
	... 107 common frames omitted
2026-06-21 15:24:16 WARN  o.s.test.context.TestContextManager - Caught exception while allowing TestExecutionListener [org.springframework.test.context.web.ServletTestExecutionListener] to prepare test instance [com.reserveme.ReserveMeApplicationTests@e881e46]
java.lang.IllegalStateException: Failed to load ApplicationContext for [WebMergedContextConfiguration@6f24ce45 testClass = com.reserveme.ReserveMeApplicationTests, locations = [], classes = [com.reserveme.ReserveMeApplication], contextInitializerClasses = [], activeProfiles = [], propertySourceDescriptors = [], propertySourceProperties = ["org.springframework.boot.test.context.SpringBootTestContextBootstrapper=true"], contextCustomizers = [org.springframework.boot.test.context.filter.ExcludeFilterContextCustomizer@2c78324b, org.springframework.boot.test.json.DuplicateJsonObjectContextCustomizerFactory$DuplicateJsonObjectContextCustomizer@4b86805d, org.springframework.boot.test.mock.mockito.MockitoContextCustomizer@0, org.springframework.boot.test.web.client.TestRestTemplateContextCustomizer@33f676f6, org.springframework.boot.test.web.reactor.netty.DisableReactorResourceFactoryGlobalResourcesContextCustomizerFactory$DisableReactorResourceFactoryGlobalResourcesContextCustomizerCustomizer@389b0789, org.springframework.boot.test.autoconfigure.OnFailureConditionReportContextCustomizerFactory$OnFailureConditionReportContextCustomizer@6ca18a14, org.springframework.boot.test.autoconfigure.actuate.observability.ObservabilityContextCustomizerFactory$DisableObservabilityContextCustomizer@1f, org.springframework.boot.test.autoconfigure.properties.PropertyMappingContextCustomizer@0, org.springframework.boot.test.autoconfigure.web.servlet.WebDriverContextCustomizer@1890516e, org.springframework.test.context.support.DynamicPropertiesContextCustomizer@0, org.springframework.boot.test.context.SpringBootTestAnnotation@f92eb17b], resourceBasePath = "src/main/webapp", contextLoader = org.springframework.boot.test.context.SpringBootContextLoader, parent = null]
	at org.springframework.test.context.cache.DefaultCacheAwareContextLoaderDelegate.loadContext(DefaultCacheAwareContextLoaderDelegate.java:180)
	at org.springframework.test.context.support.DefaultTestContext.getApplicationContext(DefaultTestContext.java:130)
	at org.springframework.test.context.web.ServletTestExecutionListener.setUpRequestContextIfNecessary(ServletTestExecutionListener.java:200)
	at org.springframework.test.context.web.ServletTestExecutionListener.prepareTestInstance(ServletTestExecutionListener.java:139)
	at org.springframework.test.context.TestContextManager.prepareTestInstance(TestContextManager.java:260)
	at org.springframework.test.context.junit.jupiter.SpringExtension.postProcessTestInstance(SpringExtension.java:159)
	at org.junit.jupiter.engine.descriptor.ClassBasedTestDescriptor.lambda$invokeTestInstancePostProcessors$10(ClassBasedTestDescriptor.java:383)
	at org.junit.jupiter.engine.descriptor.ClassBasedTestDescriptor.executeAndMaskThrowable(ClassBasedTestDescriptor.java:388)
	at org.junit.jupiter.engine.descriptor.ClassBasedTestDescriptor.lambda$invokeTestInstancePostProcessors$11(ClassBasedTestDescriptor.java:382)
	at java.base/java.util.stream.ForEachOps$ForEachOp$OfRef.accept(ForEachOps.java:184)
	at java.base/java.util.stream.ReferencePipeline$3$1.accept(ReferencePipeline.java:197)
	at java.base/java.util.stream.ReferencePipeline$2$1.accept(ReferencePipeline.java:179)
	at java.base/java.util.stream.ReferencePipeline$3$1.accept(ReferencePipeline.java:197)
	at java.base/java.util.ArrayList$ArrayListSpliterator.forEachRemaining(ArrayList.java:1708)
	at java.base/java.util.stream.AbstractPipeline.copyInto(AbstractPipeline.java:509)
	at java.base/java.util.stream.AbstractPipeline.wrapAndCopyInto(AbstractPipeline.java:499)
	at java.base/java.util.stream.ForEachOps$ForEachOp.evaluateSequential(ForEachOps.java:151)
	at java.base/java.util.stream.ForEachOps$ForEachOp$OfRef.evaluateSequential(ForEachOps.java:174)
	at java.base/java.util.stream.AbstractPipeline.evaluate(AbstractPipeline.java:234)
	at java.base/java.util.stream.ReferencePipeline.forEach(ReferencePipeline.java:596)
	at org.junit.jupiter.engine.descriptor.ClassBasedTestDescriptor.invokeTestInstancePostProcessors(ClassBasedTestDescriptor.java:382)
	at org.junit.jupiter.engine.descriptor.ClassBasedTestDescriptor.lambda$instantiateAndPostProcessTestInstance$6(ClassBasedTestDescriptor.java:293)
	at org.junit.platform.engine.support.hierarchical.ThrowableCollector.execute(ThrowableCollector.java:73)
	at org.junit.jupiter.engine.descriptor.ClassBasedTestDescriptor.instantiateAndPostProcessTestInstance(ClassBasedTestDescriptor.java:292)
	at org.junit.jupiter.engine.descriptor.ClassBasedTestDescriptor.lambda$testInstancesProvider$4(ClassBasedTestDescriptor.java:281)
	at java.base/java.util.Optional.orElseGet(Optional.java:364)
	at org.junit.jupiter.engine.descriptor.ClassBasedTestDescriptor.lambda$testInstancesProvider$5(ClassBasedTestDescriptor.java:280)
	at org.junit.jupiter.engine.execution.TestInstancesProvider.getTestInstances(TestInstancesProvider.java:27)
	at org.junit.jupiter.engine.descriptor.TestMethodTestDescriptor.lambda$prepare$0(TestMethodTestDescriptor.java:112)
	at org.junit.platform.engine.support.hierarchical.ThrowableCollector.execute(ThrowableCollector.java:73)
	at org.junit.jupiter.engine.descriptor.TestMethodTestDescriptor.prepare(TestMethodTestDescriptor.java:111)
	at org.junit.jupiter.engine.descriptor.TestMethodTestDescriptor.prepare(TestMethodTestDescriptor.java:69)
	at org.junit.platform.engine.support.hierarchical.NodeTestTask.lambda$prepare$2(NodeTestTask.java:128)
	at org.junit.platform.engine.support.hierarchical.ThrowableCollector.execute(ThrowableCollector.java:73)
	at org.junit.platform.engine.support.hierarchical.NodeTestTask.prepare(NodeTestTask.java:128)
	at org.junit.platform.engine.support.hierarchical.NodeTestTask.execute(NodeTestTask.java:95)
	at java.base/java.util.ArrayList.forEach(ArrayList.java:1596)
	at org.junit.platform.engine.support.hierarchical.SameThreadHierarchicalTestExecutorService.invokeAll(SameThreadHierarchicalTestExecutorService.java:41)
	at org.junit.platform.engine.support.hierarchical.NodeTestTask.lambda$executeRecursively$6(NodeTestTask.java:160)
	at org.junit.platform.engine.support.hierarchical.ThrowableCollector.execute(ThrowableCollector.java:73)
	at org.junit.platform.engine.support.hierarchical.NodeTestTask.lambda$executeRecursively$8(NodeTestTask.java:146)
	at org.junit.platform.engine.support.hierarchical.Node.around(Node.java:137)
	at org.junit.platform.engine.support.hierarchical.NodeTestTask.lambda$executeRecursively$9(NodeTestTask.java:144)
	at org.junit.platform.engine.support.hierarchical.ThrowableCollector.execute(ThrowableCollector.java:73)
	at org.junit.platform.engine.support.hierarchical.NodeTestTask.executeRecursively(NodeTestTask.java:143)
	at org.junit.platform.engine.support.hierarchical.NodeTestTask.execute(NodeTestTask.java:100)
	at java.base/java.util.ArrayList.forEach(ArrayList.java:1596)
	at org.junit.platform.engine.support.hierarchical.SameThreadHierarchicalTestExecutorService.invokeAll(SameThreadHierarchicalTestExecutorService.java:41)
	at org.junit.platform.engine.support.hierarchical.NodeTestTask.lambda$executeRecursively$6(NodeTestTask.java:160)
	at org.junit.platform.engine.support.hierarchical.ThrowableCollector.execute(ThrowableCollector.java:73)
	at org.junit.platform.engine.support.hierarchical.NodeTestTask.lambda$executeRecursively$8(NodeTestTask.java:146)
	at org.junit.platform.engine.support.hierarchical.Node.around(Node.java:137)
	at org.junit.platform.engine.support.hierarchical.NodeTestTask.lambda$executeRecursively$9(NodeTestTask.java:144)
	at org.junit.platform.engine.support.hierarchical.ThrowableCollector.execute(ThrowableCollector.java:73)
	at org.junit.platform.engine.support.hierarchical.NodeTestTask.executeRecursively(NodeTestTask.java:143)
	at org.junit.platform.engine.support.hierarchical.NodeTestTask.execute(NodeTestTask.java:100)
	at org.junit.platform.engine.support.hierarchical.SameThreadHierarchicalTestExecutorService.submit(SameThreadHierarchicalTestExecutorService.java:35)
	at org.junit.platform.engine.support.hierarchical.HierarchicalTestExecutor.execute(HierarchicalTestExecutor.java:57)
	at org.junit.platform.engine.support.hierarchical.HierarchicalTestEngine.execute(HierarchicalTestEngine.java:54)
	at org.junit.platform.launcher.core.EngineExecutionOrchestrator.execute(EngineExecutionOrchestrator.java:201)
	at org.junit.platform.launcher.core.EngineExecutionOrchestrator.execute(EngineExecutionOrchestrator.java:170)
	at org.junit.platform.launcher.core.EngineExecutionOrchestrator.execute(EngineExecutionOrchestrator.java:94)
	at org.junit.platform.launcher.core.EngineExecutionOrchestrator.lambda$execute$0(EngineExecutionOrchestrator.java:59)
	at org.junit.platform.launcher.core.EngineExecutionOrchestrator.withInterceptedStreams(EngineExecutionOrchestrator.java:142)
	at org.junit.platform.launcher.core.EngineExecutionOrchestrator.execute(EngineExecutionOrchestrator.java:58)
	at org.junit.platform.launcher.core.DefaultLauncher.execute(DefaultLauncher.java:103)
	at org.junit.platform.launcher.core.DefaultLauncher.execute(DefaultLauncher.java:85)
	at org.junit.platform.launcher.core.DelegatingLauncher.execute(DelegatingLauncher.java:47)
	at org.junit.platform.launcher.core.InterceptingLauncher.lambda$execute$1(InterceptingLauncher.java:39)
	at org.junit.platform.launcher.core.ClasspathAlignmentCheckingLauncherInterceptor.intercept(ClasspathAlignmentCheckingLauncherInterceptor.java:25)
	at org.junit.platform.launcher.core.InterceptingLauncher.execute(InterceptingLauncher.java:38)
	at org.junit.platform.launcher.core.DelegatingLauncher.execute(DelegatingLauncher.java:47)
	at org.apache.maven.surefire.junitplatform.LazyLauncher.execute(LazyLauncher.java:56)
	at org.apache.maven.surefire.junitplatform.JUnitPlatformProvider.execute(JUnitPlatformProvider.java:194)
	at org.apache.maven.surefire.junitplatform.JUnitPlatformProvider.invokeAllTests(JUnitPlatformProvider.java:150)
	at org.apache.maven.surefire.junitplatform.JUnitPlatformProvider.invoke(JUnitPlatformProvider.java:124)
	at org.apache.maven.surefire.booter.ForkedBooter.runSuitesInProcess(ForkedBooter.java:385)
	at org.apache.maven.surefire.booter.ForkedBooter.execute(ForkedBooter.java:162)
	at org.apache.maven.surefire.booter.ForkedBooter.run(ForkedBooter.java:507)
	at org.apache.maven.surefire.booter.ForkedBooter.main(ForkedBooter.java:495)
Caused by: org.springframework.beans.factory.BeanCreationException: Error creating bean with name 'entityManagerFactory' defined in class path resource [org/springframework/boot/autoconfigure/orm/jpa/HibernateJpaConfiguration.class]: Failed to initialize dependency 'flywayInitializer' of LoadTimeWeaverAware bean 'entityManagerFactory': Error creating bean with name 'flywayInitializer' defined in class path resource [org/springframework/boot/autoconfigure/flyway/FlywayAutoConfiguration$FlywayConfiguration.class]: Unable to obtain connection from database: FATALE: autenticazione con password fallita per l'utente "reserveme_user"
--------------------------------------------------------------------------------------------------------------------
SQL State  : 28P01
Error Code : 0
Message    : FATALE: autenticazione con password fallita per l'utente "reserveme_user"

	at org.springframework.beans.factory.support.AbstractBeanFactory.doGetBean(AbstractBeanFactory.java:328)
	at org.springframework.beans.factory.support.AbstractBeanFactory.getBean(AbstractBeanFactory.java:207)
	at org.springframework.context.support.AbstractApplicationContext.finishBeanFactoryInitialization(AbstractApplicationContext.java:970)
	at org.springframework.context.support.AbstractApplicationContext.refresh(AbstractApplicationContext.java:627)
	at org.springframework.boot.SpringApplication.refresh(SpringApplication.java:752)
	at org.springframework.boot.SpringApplication.refreshContext(SpringApplication.java:439)
	at org.springframework.boot.SpringApplication.run(SpringApplication.java:318)
	at org.springframework.boot.test.context.SpringBootContextLoader.lambda$loadContext$3(SpringBootContextLoader.java:144)
	at org.springframework.util.function.ThrowingSupplier.get(ThrowingSupplier.java:58)
	at org.springframework.util.function.ThrowingSupplier.get(ThrowingSupplier.java:46)
	at org.springframework.boot.SpringApplication.withHook(SpringApplication.java:1461)
	at org.springframework.boot.test.context.SpringBootContextLoader$ContextLoaderHook.run(SpringBootContextLoader.java:563)
	at org.springframework.boot.test.context.SpringBootContextLoader.loadContext(SpringBootContextLoader.java:144)
	at org.springframework.boot.test.context.SpringBootContextLoader.loadContext(SpringBootContextLoader.java:110)
	at org.springframework.test.context.cache.DefaultCacheAwareContextLoaderDelegate.loadContextInternal(DefaultCacheAwareContextLoaderDelegate.java:225)
	at org.springframework.test.context.cache.DefaultCacheAwareContextLoaderDelegate.loadContext(DefaultCacheAwareContextLoaderDelegate.java:152)
	... 79 common frames omitted
Caused by: org.springframework.beans.factory.BeanCreationException: Error creating bean with name 'flywayInitializer' defined in class path resource [org/springframework/boot/autoconfigure/flyway/FlywayAutoConfiguration$FlywayConfiguration.class]: Unable to obtain connection from database: FATALE: autenticazione con password fallita per l'utente "reserveme_user"
--------------------------------------------------------------------------------------------------------------------
SQL State  : 28P01
Error Code : 0
Message    : FATALE: autenticazione con password fallita per l'utente "reserveme_user"

	at org.springframework.beans.factory.support.AbstractAutowireCapableBeanFactory.initializeBean(AbstractAutowireCapableBeanFactory.java:1826)
	at org.springframework.beans.factory.support.AbstractAutowireCapableBeanFactory.doCreateBean(AbstractAutowireCapableBeanFactory.java:607)
	at org.springframework.beans.factory.support.AbstractAutowireCapableBeanFactory.createBean(AbstractAutowireCapableBeanFactory.java:529)
	at org.springframework.beans.factory.support.AbstractBeanFactory.lambda$doGetBean$0(AbstractBeanFactory.java:339)
	at org.springframework.beans.factory.support.DefaultSingletonBeanRegistry.getSingleton(DefaultSingletonBeanRegistry.java:373)
	at org.springframework.beans.factory.support.AbstractBeanFactory.doGetBean(AbstractBeanFactory.java:337)
	at org.springframework.beans.factory.support.AbstractBeanFactory.getBean(AbstractBeanFactory.java:202)
	at org.springframework.beans.factory.support.AbstractBeanFactory.doGetBean(AbstractBeanFactory.java:315)
	... 94 common frames omitted
Caused by: org.flywaydb.core.internal.exception.FlywaySqlException: Unable to obtain connection from database: FATALE: autenticazione con password fallita per l'utente "reserveme_user"
--------------------------------------------------------------------------------------------------------------------
SQL State  : 28P01
Error Code : 0
Message    : FATALE: autenticazione con password fallita per l'utente "reserveme_user"

	at org.flywaydb.core.internal.jdbc.JdbcUtils.openConnection(JdbcUtils.java:71)
	at org.flywaydb.core.internal.jdbc.JdbcConnectionFactory.<init>(JdbcConnectionFactory.java:76)
	at org.flywaydb.core.FlywayExecutor.execute(FlywayExecutor.java:136)
	at org.flywaydb.core.Flyway.migrate(Flyway.java:188)
	at org.springframework.boot.autoconfigure.flyway.FlywayMigrationInitializer.afterPropertiesSet(FlywayMigrationInitializer.java:66)
	at org.springframework.beans.factory.support.AbstractAutowireCapableBeanFactory.invokeInitMethods(AbstractAutowireCapableBeanFactory.java:1873)
	at org.springframework.beans.factory.support.AbstractAutowireCapableBeanFactory.initializeBean(AbstractAutowireCapableBeanFactory.java:1822)
	... 101 common frames omitted
Caused by: org.postgresql.util.PSQLException: FATALE: autenticazione con password fallita per l'utente "reserveme_user"
	at org.postgresql.core.v3.ConnectionFactoryImpl.doAuthentication(ConnectionFactoryImpl.java:777)
	at org.postgresql.core.v3.ConnectionFactoryImpl.tryConnect(ConnectionFactoryImpl.java:234)
	at org.postgresql.core.v3.ConnectionFactoryImpl.openConnectionImpl(ConnectionFactoryImpl.java:289)
	at org.postgresql.core.ConnectionFactory.openConnection(ConnectionFactory.java:57)
	at org.postgresql.jdbc.PgConnection.<init>(PgConnection.java:277)
	at org.postgresql.Driver.makeConnection(Driver.java:448)
	at org.postgresql.Driver.connect(Driver.java:298)
	at com.zaxxer.hikari.util.DriverDataSource.getConnection(DriverDataSource.java:139)
	at com.zaxxer.hikari.pool.PoolBase.newConnection(PoolBase.java:368)
	at com.zaxxer.hikari.pool.PoolBase.newPoolEntry(PoolBase.java:205)
	at com.zaxxer.hikari.pool.HikariPool.createPoolEntry(HikariPool.java:483)
	at com.zaxxer.hikari.pool.HikariPool.checkFailFast(HikariPool.java:571)
	at com.zaxxer.hikari.pool.HikariPool.<init>(HikariPool.java:101)
	at com.zaxxer.hikari.HikariDataSource.getConnection(HikariDataSource.java:111)
	at org.flywaydb.core.internal.jdbc.JdbcUtils.openConnection(JdbcUtils.java:59)
	... 107 common frames omitted
2026-06-21 15:29:00 INFO  o.h.validator.internal.util.Version - HV000001: Hibernate Validator 8.0.2.Final
2026-06-21 15:29:00 INFO  c.r.ReserveMeApplicationTests - Starting ReserveMeApplicationTests using Java 21.0.8 with PID 13524 (started by Stefano in C:\Users\Stefano\Desktop\ReserveME\ReserveME\backend)
2026-06-21 15:29:00 DEBUG c.r.ReserveMeApplicationTests - Running with Spring Boot v3.5.3, Spring v6.2.8
2026-06-21 15:29:00 INFO  c.r.ReserveMeApplicationTests - The following 1 profile is active: "test"
2026-06-21 15:29:01 INFO  o.s.d.r.c.RepositoryConfigurationDelegate - Bootstrapping Spring Data JPA repositories in DEFAULT mode.
2026-06-21 15:29:01 INFO  o.s.d.r.c.RepositoryConfigurationDelegate - Finished Spring Data repository scanning in 83 ms. Found 11 JPA repository interfaces.
2026-06-21 15:29:02 INFO  o.h.jpa.internal.util.LogHelper - HHH000204: Processing PersistenceUnitInfo [name: default]
2026-06-21 15:29:02 INFO  org.hibernate.Version - HHH000412: Hibernate ORM core version 6.6.18.Final
2026-06-21 15:29:02 INFO  o.h.c.i.RegionFactoryInitiator - HHH000026: Second-level cache disabled
2026-06-21 15:29:02 INFO  o.s.o.j.p.SpringPersistenceUnitInfo - No LoadTimeWeaver setup: ignoring JPA class transformer
2026-06-21 15:29:02 INFO  com.zaxxer.hikari.HikariDataSource - HikariPool-1 - Starting...
2026-06-21 15:29:03 INFO  com.zaxxer.hikari.pool.HikariPool - HikariPool-1 - Added connection conn0: url=jdbc:h2:mem:testdb user=SA
2026-06-21 15:29:03 INFO  com.zaxxer.hikari.HikariDataSource - HikariPool-1 - Start completed.
2026-06-21 15:29:03 WARN  org.hibernate.dialect.Dialect - HHH000511: The 2.3.232 version for [org.hibernate.dialect.PostgreSQLDialect] is no longer supported, hence certain features may not work properly. The minimum supported version is 12.0.0. Check the community dialects project for available legacy versions.
2026-06-21 15:29:03 WARN  org.hibernate.orm.deprecation - HHH90000025: PostgreSQLDialect does not need to be specified explicitly using 'hibernate.dialect' (remove the property setting and it will be selected by default)
2026-06-21 15:29:03 INFO  o.hibernate.orm.connections.pooling - HHH10001005: Database info:
	Database JDBC URL [Connecting through datasource 'HikariDataSource (HikariPool-1)']
	Database driver: undefined/unknown
	Database version: 2.3.232
	Autocommit mode: undefined/unknown
	Isolation level: undefined/unknown
	Minimum pool size: undefined/unknown
	Maximum pool size: undefined/unknown
2026-06-21 15:29:04 INFO  o.h.e.t.j.p.i.JtaPlatformInitiator - HHH000489: No JTA platform available (set 'hibernate.transaction.jta.platform' to enable JTA platform integration)
2026-06-21 15:29:04 DEBUG org.hibernate.SQL - 
    set client_min_messages = WARNING
2026-06-21 15:29:04 WARN  o.h.t.s.i.ExceptionHandlerLoggedImpl - GenerationTarget encountered exception accepting command : Error executing DDL "
    set client_min_messages = WARNING" via JDBC [Syntax error in SQL statement "\000d\000a    set [*]client_min_messages = WARNING"; expected "@, AUTOCOMMIT, EXCLUSIVE, IGNORECASE, PASSWORD, SALT, MODE, DATABASE, COLLATION, CLUSTER, DATABASE_EVENT_LISTENER, ALLOW_LITERALS, DEFAULT_TABLE_TYPE, SCHEMA, CATALOG, SCHEMA_SEARCH_PATH, JAVA_OBJECT_SERIALIZER, IGNORE_CATALOGS, SESSION, TRANSACTION, TIME, NON_KEYWORDS, DEFAULT_NULL_ORDERING";]
org.hibernate.tool.schema.spi.CommandAcceptanceException: Error executing DDL "
    set client_min_messages = WARNING" via JDBC [Syntax error in SQL statement "\000d\000a    set [*]client_min_messages = WARNING"; expected "@, AUTOCOMMIT, EXCLUSIVE, IGNORECASE, PASSWORD, SALT, MODE, DATABASE, COLLATION, CLUSTER, DATABASE_EVENT_LISTENER, ALLOW_LITERALS, DEFAULT_TABLE_TYPE, SCHEMA, CATALOG, SCHEMA_SEARCH_PATH, JAVA_OBJECT_SERIALIZER, IGNORE_CATALOGS, SESSION, TRANSACTION, TIME, NON_KEYWORDS, DEFAULT_NULL_ORDERING";]
	at org.hibernate.tool.schema.internal.exec.GenerationTargetToDatabase.accept(GenerationTargetToDatabase.java:94)
	at org.hibernate.tool.schema.internal.Helper.applySqlString(Helper.java:233)
	at org.hibernate.tool.schema.internal.SchemaDropperImpl.dropFromMetadata(SchemaDropperImpl.java:213)
	at org.hibernate.tool.schema.internal.SchemaDropperImpl.performDrop(SchemaDropperImpl.java:186)
	at org.hibernate.tool.schema.internal.SchemaDropperImpl.doDrop(SchemaDropperImpl.java:156)
	at org.hibernate.tool.schema.internal.SchemaDropperImpl.doDrop(SchemaDropperImpl.java:116)
	at org.hibernate.tool.schema.spi.SchemaManagementToolCoordinator.performDatabaseAction(SchemaManagementToolCoordinator.java:238)
	at org.hibernate.tool.schema.spi.SchemaManagementToolCoordinator.lambda$process$5(SchemaManagementToolCoordinator.java:144)
	at java.base/java.util.HashMap.forEach(HashMap.java:1429)
	at org.hibernate.tool.schema.spi.SchemaManagementToolCoordinator.process(SchemaManagementToolCoordinator.java:141)
	at org.hibernate.boot.internal.SessionFactoryObserverForSchemaExport.sessionFactoryCreated(SessionFactoryObserverForSchemaExport.java:37)
	at org.hibernate.internal.SessionFactoryObserverChain.sessionFactoryCreated(SessionFactoryObserverChain.java:35)
	at org.hibernate.internal.SessionFactoryImpl.<init>(SessionFactoryImpl.java:324)
	at org.hibernate.boot.internal.SessionFactoryBuilderImpl.build(SessionFactoryBuilderImpl.java:463)
	at org.hibernate.jpa.boot.internal.EntityManagerFactoryBuilderImpl.build(EntityManagerFactoryBuilderImpl.java:1517)
	at org.springframework.orm.jpa.vendor.SpringHibernateJpaPersistenceProvider.createContainerEntityManagerFactory(SpringHibernateJpaPersistenceProvider.java:66)
	at org.springframework.orm.jpa.LocalContainerEntityManagerFactoryBean.createNativeEntityManagerFactory(LocalContainerEntityManagerFactoryBean.java:390)
	at org.springframework.orm.jpa.AbstractEntityManagerFactoryBean.buildNativeEntityManagerFactory(AbstractEntityManagerFactoryBean.java:419)
	at org.springframework.orm.jpa.AbstractEntityManagerFactoryBean.afterPropertiesSet(AbstractEntityManagerFactoryBean.java:400)
	at org.springframework.orm.jpa.LocalContainerEntityManagerFactoryBean.afterPropertiesSet(LocalContainerEntityManagerFactoryBean.java:366)
	at org.springframework.beans.factory.support.AbstractAutowireCapableBeanFactory.invokeInitMethods(AbstractAutowireCapableBeanFactory.java:1873)
	at org.springframework.beans.factory.support.AbstractAutowireCapableBeanFactory.initializeBean(AbstractAutowireCapableBeanFactory.java:1822)
	at org.springframework.beans.factory.support.AbstractAutowireCapableBeanFactory.doCreateBean(AbstractAutowireCapableBeanFactory.java:607)
	at org.springframework.beans.factory.support.AbstractAutowireCapableBeanFactory.createBean(AbstractAutowireCapableBeanFactory.java:529)
	at org.springframework.beans.factory.support.AbstractBeanFactory.lambda$doGetBean$0(AbstractBeanFactory.java:339)
	at org.springframework.beans.factory.support.DefaultSingletonBeanRegistry.getSingleton(DefaultSingletonBeanRegistry.java:373)
	at org.springframework.beans.factory.support.AbstractBeanFactory.doGetBean(AbstractBeanFactory.java:337)
	at org.springframework.beans.factory.support.AbstractBeanFactory.getBean(AbstractBeanFactory.java:207)
	at org.springframework.context.support.AbstractApplicationContext.finishBeanFactoryInitialization(AbstractApplicationContext.java:970)
	at org.springframework.context.support.AbstractApplicationContext.refresh(AbstractApplicationContext.java:627)
	at org.springframework.boot.SpringApplication.refresh(SpringApplication.java:752)
	at org.springframework.boot.SpringApplication.refreshContext(SpringApplication.java:439)
	at org.springframework.boot.SpringApplication.run(SpringApplication.java:318)
	at org.springframework.boot.test.context.SpringBootContextLoader.lambda$loadContext$3(SpringBootContextLoader.java:144)
	at org.springframework.util.function.ThrowingSupplier.get(ThrowingSupplier.java:58)
	at org.springframework.util.function.ThrowingSupplier.get(ThrowingSupplier.java:46)
	at org.springframework.boot.SpringApplication.withHook(SpringApplication.java:1461)
	at org.springframework.boot.test.context.SpringBootContextLoader$ContextLoaderHook.run(SpringBootContextLoader.java:563)
	at org.springframework.boot.test.context.SpringBootContextLoader.loadContext(SpringBootContextLoader.java:144)
	at org.springframework.boot.test.context.SpringBootContextLoader.loadContext(SpringBootContextLoader.java:110)
	at org.springframework.test.context.cache.DefaultCacheAwareContextLoaderDelegate.loadContextInternal(DefaultCacheAwareContextLoaderDelegate.java:225)
	at org.springframework.test.context.cache.DefaultCacheAwareContextLoaderDelegate.loadContext(DefaultCacheAwareContextLoaderDelegate.java:152)
	at org.springframework.test.context.support.DefaultTestContext.getApplicationContext(DefaultTestContext.java:130)
	at org.springframework.test.context.web.ServletTestExecutionListener.setUpRequestContextIfNecessary(ServletTestExecutionListener.java:200)
	at org.springframework.test.context.web.ServletTestExecutionListener.prepareTestInstance(ServletTestExecutionListener.java:139)
	at org.springframework.test.context.TestContextManager.prepareTestInstance(TestContextManager.java:260)
	at org.springframework.test.context.junit.jupiter.SpringExtension.postProcessTestInstance(SpringExtension.java:159)
	at org.junit.jupiter.engine.descriptor.ClassBasedTestDescriptor.lambda$invokeTestInstancePostProcessors$10(ClassBasedTestDescriptor.java:383)
	at org.junit.jupiter.engine.descriptor.ClassBasedTestDescriptor.executeAndMaskThrowable(ClassBasedTestDescriptor.java:388)
	at org.junit.jupiter.engine.descriptor.ClassBasedTestDescriptor.lambda$invokeTestInstancePostProcessors$11(ClassBasedTestDescriptor.java:382)
	at java.base/java.util.stream.ForEachOps$ForEachOp$OfRef.accept(ForEachOps.java:184)
	at java.base/java.util.stream.ReferencePipeline$3$1.accept(ReferencePipeline.java:197)
	at java.base/java.util.stream.ReferencePipeline$2$1.accept(ReferencePipeline.java:179)
	at java.base/java.util.stream.ReferencePipeline$3$1.accept(ReferencePipeline.java:197)
	at java.base/java.util.ArrayList$ArrayListSpliterator.forEachRemaining(ArrayList.java:1708)
	at java.base/java.util.stream.AbstractPipeline.copyInto(AbstractPipeline.java:509)
	at java.base/java.util.stream.AbstractPipeline.wrapAndCopyInto(AbstractPipeline.java:499)
	at java.base/java.util.stream.ForEachOps$ForEachOp.evaluateSequential(ForEachOps.java:151)
	at java.base/java.util.stream.ForEachOps$ForEachOp$OfRef.evaluateSequential(ForEachOps.java:174)
	at java.base/java.util.stream.AbstractPipeline.evaluate(AbstractPipeline.java:234)
	at java.base/java.util.stream.ReferencePipeline.forEach(ReferencePipeline.java:596)
	at org.junit.jupiter.engine.descriptor.ClassBasedTestDescriptor.invokeTestInstancePostProcessors(ClassBasedTestDescriptor.java:382)
	at org.junit.jupiter.engine.descriptor.ClassBasedTestDescriptor.lambda$instantiateAndPostProcessTestInstance$6(ClassBasedTestDescriptor.java:293)
	at org.junit.platform.engine.support.hierarchical.ThrowableCollector.execute(ThrowableCollector.java:73)
	at org.junit.jupiter.engine.descriptor.ClassBasedTestDescriptor.instantiateAndPostProcessTestInstance(ClassBasedTestDescriptor.java:292)
	at org.junit.jupiter.engine.descriptor.ClassBasedTestDescriptor.lambda$testInstancesProvider$4(ClassBasedTestDescriptor.java:281)
	at java.base/java.util.Optional.orElseGet(Optional.java:364)
	at org.junit.jupiter.engine.descriptor.ClassBasedTestDescriptor.lambda$testInstancesProvider$5(ClassBasedTestDescriptor.java:280)
	at org.junit.jupiter.engine.execution.TestInstancesProvider.getTestInstances(TestInstancesProvider.java:27)
	at org.junit.jupiter.engine.descriptor.TestMethodTestDescriptor.lambda$prepare$0(TestMethodTestDescriptor.java:112)
	at org.junit.platform.engine.support.hierarchical.ThrowableCollector.execute(ThrowableCollector.java:73)
	at org.junit.jupiter.engine.descriptor.TestMethodTestDescriptor.prepare(TestMethodTestDescriptor.java:111)
	at org.junit.jupiter.engine.descriptor.TestMethodTestDescriptor.prepare(TestMethodTestDescriptor.java:69)
	at org.junit.platform.engine.support.hierarchical.NodeTestTask.lambda$prepare$2(NodeTestTask.java:128)
	at org.junit.platform.engine.support.hierarchical.ThrowableCollector.execute(ThrowableCollector.java:73)
	at org.junit.platform.engine.support.hierarchical.NodeTestTask.prepare(NodeTestTask.java:128)
	at org.junit.platform.engine.support.hierarchical.NodeTestTask.execute(NodeTestTask.java:95)
	at java.base/java.util.ArrayList.forEach(ArrayList.java:1596)
	at org.junit.platform.engine.support.hierarchical.SameThreadHierarchicalTestExecutorService.invokeAll(SameThreadHierarchicalTestExecutorService.java:41)
	at org.junit.platform.engine.support.hierarchical.NodeTestTask.lambda$executeRecursively$6(NodeTestTask.java:160)
	at org.junit.platform.engine.support.hierarchical.ThrowableCollector.execute(ThrowableCollector.java:73)
	at org.junit.platform.engine.support.hierarchical.NodeTestTask.lambda$executeRecursively$8(NodeTestTask.java:146)
	at org.junit.platform.engine.support.hierarchical.Node.around(Node.java:137)
	at org.junit.platform.engine.support.hierarchical.NodeTestTask.lambda$executeRecursively$9(NodeTestTask.java:144)
	at org.junit.platform.engine.support.hierarchical.ThrowableCollector.execute(ThrowableCollector.java:73)
	at org.junit.platform.engine.support.hierarchical.NodeTestTask.executeRecursively(NodeTestTask.java:143)
	at org.junit.platform.engine.support.hierarchical.NodeTestTask.execute(NodeTestTask.java:100)
	at java.base/java.util.ArrayList.forEach(ArrayList.java:1596)
	at org.junit.platform.engine.support.hierarchical.SameThreadHierarchicalTestExecutorService.invokeAll(SameThreadHierarchicalTestExecutorService.java:41)
	at org.junit.platform.engine.support.hierarchical.NodeTestTask.lambda$executeRecursively$6(NodeTestTask.java:160)
	at org.junit.platform.engine.support.hierarchical.ThrowableCollector.execute(ThrowableCollector.java:73)
	at org.junit.platform.engine.support.hierarchical.NodeTestTask.lambda$executeRecursively$8(NodeTestTask.java:146)
	at org.junit.platform.engine.support.hierarchical.Node.around(Node.java:137)
	at org.junit.platform.engine.support.hierarchical.NodeTestTask.lambda$executeRecursively$9(NodeTestTask.java:144)
	at org.junit.platform.engine.support.hierarchical.ThrowableCollector.execute(ThrowableCollector.java:73)
	at org.junit.platform.engine.support.hierarchical.NodeTestTask.executeRecursively(NodeTestTask.java:143)
	at org.junit.platform.engine.support.hierarchical.NodeTestTask.execute(NodeTestTask.java:100)
	at org.junit.platform.engine.support.hierarchical.SameThreadHierarchicalTestExecutorService.submit(SameThreadHierarchicalTestExecutorService.java:35)
	at org.junit.platform.engine.support.hierarchical.HierarchicalTestExecutor.execute(HierarchicalTestExecutor.java:57)
	at org.junit.platform.engine.support.hierarchical.HierarchicalTestEngine.execute(HierarchicalTestEngine.java:54)
	at org.junit.platform.launcher.core.EngineExecutionOrchestrator.execute(EngineExecutionOrchestrator.java:201)
	at org.junit.platform.launcher.core.EngineExecutionOrchestrator.execute(EngineExecutionOrchestrator.java:170)
	at org.junit.platform.launcher.core.EngineExecutionOrchestrator.execute(EngineExecutionOrchestrator.java:94)
	at org.junit.platform.launcher.core.EngineExecutionOrchestrator.lambda$execute$0(EngineExecutionOrchestrator.java:59)
	at org.junit.platform.launcher.core.EngineExecutionOrchestrator.withInterceptedStreams(EngineExecutionOrchestrator.java:142)
	at org.junit.platform.launcher.core.EngineExecutionOrchestrator.execute(EngineExecutionOrchestrator.java:58)
	at org.junit.platform.launcher.core.DefaultLauncher.execute(DefaultLauncher.java:103)
	at org.junit.platform.launcher.core.DefaultLauncher.execute(DefaultLauncher.java:85)
	at org.junit.platform.launcher.core.DelegatingLauncher.execute(DelegatingLauncher.java:47)
	at org.junit.platform.launcher.core.InterceptingLauncher.lambda$execute$1(InterceptingLauncher.java:39)
	at org.junit.platform.launcher.core.ClasspathAlignmentCheckingLauncherInterceptor.intercept(ClasspathAlignmentCheckingLauncherInterceptor.java:25)
	at org.junit.platform.launcher.core.InterceptingLauncher.execute(InterceptingLauncher.java:38)
	at org.junit.platform.launcher.core.DelegatingLauncher.execute(DelegatingLauncher.java:47)
	at org.apache.maven.surefire.junitplatform.LazyLauncher.execute(LazyLauncher.java:56)
	at org.apache.maven.surefire.junitplatform.JUnitPlatformProvider.execute(JUnitPlatformProvider.java:194)
	at org.apache.maven.surefire.junitplatform.JUnitPlatformProvider.invokeAllTests(JUnitPlatformProvider.java:150)
	at org.apache.maven.surefire.junitplatform.JUnitPlatformProvider.invoke(JUnitPlatformProvider.java:124)
	at org.apache.maven.surefire.booter.ForkedBooter.runSuitesInProcess(ForkedBooter.java:385)
	at org.apache.maven.surefire.booter.ForkedBooter.execute(ForkedBooter.java:162)
	at org.apache.maven.surefire.booter.ForkedBooter.run(ForkedBooter.java:507)
	at org.apache.maven.surefire.booter.ForkedBooter.main(ForkedBooter.java:495)
Caused by: org.h2.jdbc.JdbcSQLSyntaxErrorException: Syntax error in SQL statement "\000d\000a    set [*]client_min_messages = WARNING"; expected "@, AUTOCOMMIT, EXCLUSIVE, IGNORECASE, PASSWORD, SALT, MODE, DATABASE, COLLATION, CLUSTER, DATABASE_EVENT_LISTENER, ALLOW_LITERALS, DEFAULT_TABLE_TYPE, SCHEMA, CATALOG, SCHEMA_SEARCH_PATH, JAVA_OBJECT_SERIALIZER, IGNORE_CATALOGS, SESSION, TRANSACTION, TIME, NON_KEYWORDS, DEFAULT_NULL_ORDERING"; SQL statement:

    set client_min_messages = WARNING [42001-232]
	at org.h2.message.DbException.getJdbcSQLException(DbException.java:514)
	at org.h2.message.DbException.getJdbcSQLException(DbException.java:489)
	at org.h2.message.DbException.getSyntaxError(DbException.java:261)
	at org.h2.command.ParserBase.getSyntaxError(ParserBase.java:762)
	at org.h2.command.Parser.parseSet(Parser.java:7592)
	at org.h2.command.Parser.parsePrepared(Parser.java:614)
	at org.h2.command.Parser.parse(Parser.java:581)
	at org.h2.command.Parser.parse(Parser.java:561)
	at org.h2.command.Parser.prepareCommand(Parser.java:484)
	at org.h2.engine.SessionLocal.prepareLocal(SessionLocal.java:645)
	at org.h2.engine.SessionLocal.prepareCommand(SessionLocal.java:561)
	at org.h2.jdbc.JdbcConnection.prepareCommand(JdbcConnection.java:1164)
	at org.h2.jdbc.JdbcStatement.executeInternal(JdbcStatement.java:245)
	at org.h2.jdbc.JdbcStatement.execute(JdbcStatement.java:231)
	at com.zaxxer.hikari.pool.ProxyStatement.execute(ProxyStatement.java:95)
	at com.zaxxer.hikari.pool.HikariProxyStatement.execute(HikariProxyStatement.java)
	at org.hibernate.tool.schema.internal.exec.GenerationTargetToDatabase.accept(GenerationTargetToDatabase.java:80)
	... 120 common frames omitted
2026-06-21 15:29:04 DEBUG org.hibernate.SQL - 
    alter table if exists appuntamenti 
       drop constraint if exists FKgrqhpqb6emny3jd7sani5cjvu
2026-06-21 15:29:04 DEBUG org.hibernate.SQL - 
    alter table if exists appuntamenti 
       drop constraint if exists FKnjsnqiw0iw714nnt7egd8xh1m
2026-06-21 15:29:04 DEBUG org.hibernate.SQL - 
    alter table if exists appuntamenti 
       drop constraint if exists FK9db5xaxy41ta3oftl58yhmlb9
2026-06-21 15:29:04 DEBUG org.hibernate.SQL - 
    alter table if exists casse 
       drop constraint if exists FKh0hj4shyrudb8fvag2i1su0vt
2026-06-21 15:29:04 DEBUG org.hibernate.SQL - 
    alter table if exists chiusure_cassa 
       drop constraint if exists FKp5fct6q19v5lbihsdi9fdlf5q
2026-06-21 15:29:04 DEBUG org.hibernate.SQL - 
    alter table if exists clienti 
       drop constraint if exists FK4mm0opkytbka7uq0snjdqxc08
2026-06-21 15:29:04 DEBUG org.hibernate.SQL - 
    alter table if exists movimenti_cassa 
       drop constraint if exists FKnx8n05j8ttr7jbumrhpfkkj19
2026-06-21 15:29:04 DEBUG org.hibernate.SQL - 
    alter table if exists movimenti_cassa 
       drop constraint if exists FK74enqw4d46mclisphjaq4bvro
2026-06-21 15:29:04 DEBUG org.hibernate.SQL - 
    alter table if exists negozi 
       drop constraint if exists FKehmdx86nsr2fjcvs19ysa00nx
2026-06-21 15:29:04 DEBUG org.hibernate.SQL - 
    alter table if exists prodotti 
       drop constraint if exists FKmsxt4vksbh7p3x0yarhyaehql
2026-06-21 15:29:04 DEBUG org.hibernate.SQL - 
    alter table if exists scontrini 
       drop constraint if exists FKn95dsj027p43w8do4hn9n5t0e
2026-06-21 15:29:04 DEBUG org.hibernate.SQL - 
    alter table if exists scontrini 
       drop constraint if exists FKsm4hpr23n12mwp09ubt4n3g24
2026-06-21 15:29:04 DEBUG org.hibernate.SQL - 
    alter table if exists scontrini 
       drop constraint if exists FKrijnn35iud9e6degwtdir5rtg
2026-06-21 15:29:04 DEBUG org.hibernate.SQL - 
    alter table if exists servizi 
       drop constraint if exists FKi8a7cfco05csktul8xh87kvun
2026-06-21 15:29:04 DEBUG org.hibernate.SQL - 
    alter table if exists voci_scontrino 
       drop constraint if exists FKh9eu7hnjg47mgdfbwoxwundxs
2026-06-21 15:29:04 DEBUG org.hibernate.SQL - 
    alter table if exists voci_scontrino 
       drop constraint if exists FKjgy6ixt9oxqwg1493derjnena
2026-06-21 15:29:04 DEBUG org.hibernate.SQL - 
    alter table if exists voci_scontrino 
       drop constraint if exists FKrm8r0lyffaau7ub9ww162rbd2
2026-06-21 15:29:04 DEBUG org.hibernate.SQL - 
    drop table if exists amministratori cascade
2026-06-21 15:29:04 DEBUG org.hibernate.SQL - 
    drop table if exists appuntamenti cascade
2026-06-21 15:29:04 DEBUG org.hibernate.SQL - 
    drop table if exists casse cascade
2026-06-21 15:29:04 DEBUG org.hibernate.SQL - 
    drop table if exists chiusure_cassa cascade
2026-06-21 15:29:04 DEBUG org.hibernate.SQL - 
    drop table if exists clienti cascade
2026-06-21 15:29:04 DEBUG org.hibernate.SQL - 
    drop table if exists movimenti_cassa cascade
2026-06-21 15:29:04 DEBUG org.hibernate.SQL - 
    drop table if exists negozi cascade
2026-06-21 15:29:04 DEBUG org.hibernate.SQL - 
    drop table if exists prodotti cascade
2026-06-21 15:29:04 DEBUG org.hibernate.SQL - 
    drop table if exists scontrini cascade
2026-06-21 15:29:04 DEBUG org.hibernate.SQL - 
    drop table if exists servizi cascade
2026-06-21 15:29:04 DEBUG org.hibernate.SQL - 
    drop table if exists voci_scontrino cascade
2026-06-21 15:29:04 DEBUG org.hibernate.SQL - 
    create table amministratori (
        created_at timestamp(6) not null,
        updated_at timestamp(6) not null,
        id uuid not null,
        telefono varchar(20),
        codice_univoco varchar(50) not null unique,
        cognome varchar(100) not null,
        nome varchar(100) not null,
        email varchar(150) not null unique,
        password varchar(255) not null,
        primary key (id)
    )
2026-06-21 15:29:04 DEBUG org.hibernate.SQL - 
    create table appuntamenti (
        cliente_id bigint not null,
        created_at timestamp(6) not null,
        data_ora_fine timestamp(6) not null,
        data_ora_inizio timestamp(6) not null,
        id bigint generated by default as identity,
        negozio_id bigint not null,
        servizio_id bigint not null,
        updated_at timestamp(6) not null,
        note TEXT,
        stato varchar(255) not null check (stato in ('IN_ATTESA','CONFERMATO','COMPLETATO','ANNULLATO')),
        primary key (id)
    )
2026-06-21 15:29:04 DEBUG org.hibernate.SQL - 
    create table casse (
        saldo_contanti numeric(10,2),
        saldo_pos numeric(10,2),
        id bigint generated by default as identity,
        negozio_id bigint not null unique,
        ultimo_aggiornamento timestamp(6),
        primary key (id)
    )
2026-06-21 15:29:04 DEBUG org.hibernate.SQL - 
    create table chiusure_cassa (
        num_fatture integer,
        num_scontrini integer,
        totale_contanti numeric(10,2) not null,
        totale_generale numeric(10,2) not null,
        totale_pos numeric(10,2) not null,
        cassa_id bigint not null,
        created_at timestamp(6) not null,
        data_chiusura timestamp(6) not null,
        id bigint generated by default as identity,
        note TEXT,
        primary key (id)
    )
2026-06-21 15:29:04 DEBUG org.hibernate.SQL - 
    create table clienti (
        created_at timestamp(6) not null,
        id bigint generated by default as identity,
        negozio_id bigint not null,
        updated_at timestamp(6) not null,
        telefono varchar(20) not null,
        cognome varchar(100) not null,
        nome varchar(100) not null,
        email varchar(150),
        note TEXT,
        primary key (id)
    )
2026-06-21 15:29:04 DEBUG org.hibernate.SQL - 
    create table movimenti_cassa (
        importo numeric(10,2) not null,
        cassa_id bigint not null,
        data timestamp(6) not null,
        id bigint generated by default as identity,
        scontrino_id bigint,
        descrizione varchar(300),
        metodo varchar(255) not null check (metodo in ('CONTANTI','POS','MISTO')),
        tipo varchar(255) not null check (tipo in ('ENTRATA','USCITA')),
        primary key (id)
    )
2026-06-21 15:29:04 DEBUG org.hibernate.SQL - 
    create table negozi (
        created_at timestamp(6) not null,
        id bigint generated by default as identity,
        updated_at timestamp(6) not null,
        cap varchar(10),
        admin_id uuid not null unique,
        partita_iva varchar(20) unique,
        telefono varchar(20),
        citta varchar(100),
        nome varchar(200) not null,
        indirizzo varchar(300),
        tipo varchar(255) not null check (tipo in ('CENTRO_ESTETICO','BARBERIA','PARRUCCHIERE','CENTRO_MASSAGGI')),
        primary key (id)
    )
2026-06-21 15:29:04 DEBUG org.hibernate.SQL - 
    create table prodotti (
        prezzo_acquisto numeric(10,2) not null,
        prezzo_vendita numeric(10,2) not null,
        quantita integer not null,
        ricarico_percentuale numeric(5,2),
        soglia_minima integer,
        created_at timestamp(6) not null,
        id bigint generated by default as identity,
        negozio_id bigint not null,
        updated_at timestamp(6) not null,
        nome varchar(200) not null,
        descrizione TEXT,
        primary key (id)
    )
2026-06-21 15:29:04 DEBUG org.hibernate.SQL - 
    create table scontrini (
        importo_contanti numeric(10,2),
        importo_pos numeric(10,2),
        totale numeric(10,2) not null,
        appuntamento_id bigint unique,
        cliente_id bigint,
        created_at timestamp(6) not null,
        data_emissione timestamp(6) not null,
        id bigint generated by default as identity,
        negozio_id bigint not null,
        numero_documento varchar(50) not null,
        metodo_pagamento varchar(255) not null check (metodo_pagamento in ('CONTANTI','POS','MISTO')),
        stato varchar(255) not null check (stato in ('EMESSO','ANNULLATO')),
        tipo_documento varchar(255) not null check (tipo_documento in ('SCONTRINO','FATTURA')),
        primary key (id)
    )
2026-06-21 15:29:04 DEBUG org.hibernate.SQL - 
    create table servizi (
        attivo boolean not null,
        costo numeric(10,2) not null,
        durata_minuti integer,
        created_at timestamp(6) not null,
        id bigint generated by default as identity,
        negozio_id bigint not null,
        updated_at timestamp(6) not null,
        nome_trattamento varchar(200) not null,
        descrizione TEXT,
        info_aggiuntive TEXT,
        primary key (id)
    )
2026-06-21 15:29:04 DEBUG org.hibernate.SQL - 
    create table voci_scontrino (
        prezzo_unitario numeric(10,2) not null,
        quantita integer not null,
        subtotale numeric(10,2) not null,
        id bigint generated by default as identity,
        prodotto_id bigint,
        scontrino_id bigint not null,
        servizio_id bigint,
        descrizione varchar(300) not null,
        primary key (id)
    )
2026-06-21 15:29:04 DEBUG org.hibernate.SQL - 
    alter table if exists appuntamenti 
       add constraint FKgrqhpqb6emny3jd7sani5cjvu 
       foreign key (cliente_id) 
       references clienti
2026-06-21 15:29:04 DEBUG org.hibernate.SQL - 
    alter table if exists appuntamenti 
       add constraint FKnjsnqiw0iw714nnt7egd8xh1m 
       foreign key (negozio_id) 
       references negozi
2026-06-21 15:29:04 DEBUG org.hibernate.SQL - 
    alter table if exists appuntamenti 
       add constraint FK9db5xaxy41ta3oftl58yhmlb9 
       foreign key (servizio_id) 
       references servizi
2026-06-21 15:29:04 DEBUG org.hibernate.SQL - 
    alter table if exists casse 
       add constraint FKh0hj4shyrudb8fvag2i1su0vt 
       foreign key (negozio_id) 
       references negozi
2026-06-21 15:29:04 DEBUG org.hibernate.SQL - 
    alter table if exists chiusure_cassa 
       add constraint FKp5fct6q19v5lbihsdi9fdlf5q 
       foreign key (cassa_id) 
       references casse
2026-06-21 15:29:04 DEBUG org.hibernate.SQL - 
    alter table if exists clienti 
       add constraint FK4mm0opkytbka7uq0snjdqxc08 
       foreign key (negozio_id) 
       references negozi
2026-06-21 15:29:04 DEBUG org.hibernate.SQL - 
    alter table if exists movimenti_cassa 
       add constraint FKnx8n05j8ttr7jbumrhpfkkj19 
       foreign key (cassa_id) 
       references casse
2026-06-21 15:29:04 DEBUG org.hibernate.SQL - 
    alter table if exists movimenti_cassa 
       add constraint FK74enqw4d46mclisphjaq4bvro 
       foreign key (scontrino_id) 
       references scontrini
2026-06-21 15:29:04 DEBUG org.hibernate.SQL - 
    alter table if exists negozi 
       add constraint FKehmdx86nsr2fjcvs19ysa00nx 
       foreign key (admin_id) 
       references amministratori
2026-06-21 15:29:04 DEBUG org.hibernate.SQL - 
    alter table if exists prodotti 
       add constraint FKmsxt4vksbh7p3x0yarhyaehql 
       foreign key (negozio_id) 
       references negozi
2026-06-21 15:29:04 DEBUG org.hibernate.SQL - 
    alter table if exists scontrini 
       add constraint FKn95dsj027p43w8do4hn9n5t0e 
       foreign key (appuntamento_id) 
       references appuntamenti
2026-06-21 15:29:04 DEBUG org.hibernate.SQL - 
    alter table if exists scontrini 
       add constraint FKsm4hpr23n12mwp09ubt4n3g24 
       foreign key (cliente_id) 
       references clienti
2026-06-21 15:29:04 DEBUG org.hibernate.SQL - 
    alter table if exists scontrini 
       add constraint FKrijnn35iud9e6degwtdir5rtg 
       foreign key (negozio_id) 
       references negozi
2026-06-21 15:29:04 DEBUG org.hibernate.SQL - 
    alter table if exists servizi 
       add constraint FKi8a7cfco05csktul8xh87kvun 
       foreign key (negozio_id) 
       references negozi
2026-06-21 15:29:04 DEBUG org.hibernate.SQL - 
    alter table if exists voci_scontrino 
       add constraint FKh9eu7hnjg47mgdfbwoxwundxs 
       foreign key (prodotto_id) 
       references prodotti
2026-06-21 15:29:04 DEBUG org.hibernate.SQL - 
    alter table if exists voci_scontrino 
       add constraint FKjgy6ixt9oxqwg1493derjnena 
       foreign key (scontrino_id) 
       references scontrini
2026-06-21 15:29:04 DEBUG org.hibernate.SQL - 
    alter table if exists voci_scontrino 
       add constraint FKrm8r0lyffaau7ub9ww162rbd2 
       foreign key (servizio_id) 
       references servizi
2026-06-21 15:29:04 INFO  o.s.o.j.LocalContainerEntityManagerFactoryBean - Initialized JPA EntityManagerFactory for persistence unit 'default'
2026-06-21 15:29:04 INFO  o.s.d.j.r.query.QueryEnhancerFactory - Hibernate is in classpath; If applicable, HQL parser will be used.
2026-06-21 15:29:06 INFO  o.s.s.c.a.a.c.InitializeUserDetailsBeanManagerConfigurer$InitializeUserDetailsManagerConfigurer - Global AuthenticationManager configured with UserDetailsService bean with name customUserDetailsService
2026-06-21 15:29:07 INFO  c.r.ReserveMeApplicationTests - Started ReserveMeApplicationTests in 6.973 seconds (process running for 7.998)
2026-06-21 15:29:08 INFO  o.s.o.j.LocalContainerEntityManagerFactoryBean - Closing JPA EntityManagerFactory for persistence unit 'default'
2026-06-21 15:29:08 DEBUG org.hibernate.SQL - 
    set client_min_messages = WARNING
2026-06-21 15:29:08 ERROR o.h.t.s.i.SchemaDropperImpl$DelayedDropActionImpl - HHH000478: Unsuccessful: 
    set client_min_messages = WARNING
2026-06-21 15:29:08 DEBUG org.hibernate.SQL - 
    alter table if exists appuntamenti 
       drop constraint if exists FKgrqhpqb6emny3jd7sani5cjvu
2026-06-21 15:29:08 DEBUG org.hibernate.SQL - 
    alter table if exists appuntamenti 
       drop constraint if exists FKnjsnqiw0iw714nnt7egd8xh1m
2026-06-21 15:29:08 DEBUG org.hibernate.SQL - 
    alter table if exists appuntamenti 
       drop constraint if exists FK9db5xaxy41ta3oftl58yhmlb9
2026-06-21 15:29:08 DEBUG org.hibernate.SQL - 
    alter table if exists casse 
       drop constraint if exists FKh0hj4shyrudb8fvag2i1su0vt
2026-06-21 15:29:08 DEBUG org.hibernate.SQL - 
    alter table if exists chiusure_cassa 
       drop constraint if exists FKp5fct6q19v5lbihsdi9fdlf5q
2026-06-21 15:29:08 DEBUG org.hibernate.SQL - 
    alter table if exists clienti 
       drop constraint if exists FK4mm0opkytbka7uq0snjdqxc08
2026-06-21 15:29:08 DEBUG org.hibernate.SQL - 
    alter table if exists movimenti_cassa 
       drop constraint if exists FKnx8n05j8ttr7jbumrhpfkkj19
2026-06-21 15:29:08 DEBUG org.hibernate.SQL - 
    alter table if exists movimenti_cassa 
       drop constraint if exists FK74enqw4d46mclisphjaq4bvro
2026-06-21 15:29:08 DEBUG org.hibernate.SQL - 
    alter table if exists negozi 
       drop constraint if exists FKehmdx86nsr2fjcvs19ysa00nx
2026-06-21 15:29:08 DEBUG org.hibernate.SQL - 
    alter table if exists prodotti 
       drop constraint if exists FKmsxt4vksbh7p3x0yarhyaehql
2026-06-21 15:29:08 DEBUG org.hibernate.SQL - 
    alter table if exists scontrini 
       drop constraint if exists FKn95dsj027p43w8do4hn9n5t0e
2026-06-21 15:29:08 DEBUG org.hibernate.SQL - 
    alter table if exists scontrini 
       drop constraint if exists FKsm4hpr23n12mwp09ubt4n3g24
2026-06-21 15:29:08 DEBUG org.hibernate.SQL - 
    alter table if exists scontrini 
       drop constraint if exists FKrijnn35iud9e6degwtdir5rtg
2026-06-21 15:29:08 DEBUG org.hibernate.SQL - 
    alter table if exists servizi 
       drop constraint if exists FKi8a7cfco05csktul8xh87kvun
2026-06-21 15:29:08 DEBUG org.hibernate.SQL - 
    alter table if exists voci_scontrino 
       drop constraint if exists FKh9eu7hnjg47mgdfbwoxwundxs
2026-06-21 15:29:08 DEBUG org.hibernate.SQL - 
    alter table if exists voci_scontrino 
       drop constraint if exists FKjgy6ixt9oxqwg1493derjnena
2026-06-21 15:29:08 DEBUG org.hibernate.SQL - 
    alter table if exists voci_scontrino 
       drop constraint if exists FKrm8r0lyffaau7ub9ww162rbd2
2026-06-21 15:29:08 DEBUG org.hibernate.SQL - 
    drop table if exists amministratori cascade
2026-06-21 15:29:08 DEBUG org.hibernate.SQL - 
    drop table if exists appuntamenti cascade
2026-06-21 15:29:08 DEBUG org.hibernate.SQL - 
    drop table if exists casse cascade
2026-06-21 15:29:08 DEBUG org.hibernate.SQL - 
    drop table if exists chiusure_cassa cascade
2026-06-21 15:29:08 DEBUG org.hibernate.SQL - 
    drop table if exists clienti cascade
2026-06-21 15:29:08 DEBUG org.hibernate.SQL - 
    drop table if exists movimenti_cassa cascade
2026-06-21 15:29:08 DEBUG org.hibernate.SQL - 
    drop table if exists negozi cascade
2026-06-21 15:29:08 DEBUG org.hibernate.SQL - 
    drop table if exists prodotti cascade
2026-06-21 15:29:08 DEBUG org.hibernate.SQL - 
    drop table if exists scontrini cascade
2026-06-21 15:29:08 DEBUG org.hibernate.SQL - 
    drop table if exists servizi cascade
2026-06-21 15:29:08 DEBUG org.hibernate.SQL - 
    drop table if exists voci_scontrino cascade
2026-06-21 15:29:08 INFO  com.zaxxer.hikari.HikariDataSource - HikariPool-1 - Shutdown initiated...
2026-06-21 15:29:08 INFO  com.zaxxer.hikari.HikariDataSource - HikariPool-1 - Shutdown completed.
2026-06-21 15:30:10 INFO  o.h.validator.internal.util.Version - HV000001: Hibernate Validator 8.0.2.Final
2026-06-21 15:30:10 INFO  c.r.ReserveMeApplicationTests - Starting ReserveMeApplicationTests using Java 21.0.8 with PID 41960 (started by Stefano in C:\Users\Stefano\Desktop\ReserveME\ReserveME\backend)
2026-06-21 15:30:10 DEBUG c.r.ReserveMeApplicationTests - Running with Spring Boot v3.5.3, Spring v6.2.8
2026-06-21 15:30:10 INFO  c.r.ReserveMeApplicationTests - The following 1 profile is active: "test"
2026-06-21 15:30:12 INFO  o.s.d.r.c.RepositoryConfigurationDelegate - Bootstrapping Spring Data JPA repositories in DEFAULT mode.
2026-06-21 15:30:12 INFO  o.s.d.r.c.RepositoryConfigurationDelegate - Finished Spring Data repository scanning in 123 ms. Found 11 JPA repository interfaces.
2026-06-21 15:30:13 INFO  o.h.jpa.internal.util.LogHelper - HHH000204: Processing PersistenceUnitInfo [name: default]
2026-06-21 15:30:13 INFO  org.hibernate.Version - HHH000412: Hibernate ORM core version 6.6.18.Final
2026-06-21 15:30:13 INFO  o.h.c.i.RegionFactoryInitiator - HHH000026: Second-level cache disabled
2026-06-21 15:30:13 INFO  o.s.o.j.p.SpringPersistenceUnitInfo - No LoadTimeWeaver setup: ignoring JPA class transformer
2026-06-21 15:30:13 INFO  com.zaxxer.hikari.HikariDataSource - HikariPool-1 - Starting...
2026-06-21 15:30:14 INFO  com.zaxxer.hikari.pool.HikariPool - HikariPool-1 - Added connection conn0: url=jdbc:h2:mem:testdb user=SA
2026-06-21 15:30:14 INFO  com.zaxxer.hikari.HikariDataSource - HikariPool-1 - Start completed.
2026-06-21 15:30:14 WARN  org.hibernate.orm.deprecation - HHH90000025: H2Dialect does not need to be specified explicitly using 'hibernate.dialect' (remove the property setting and it will be selected by default)
2026-06-21 15:30:14 INFO  o.hibernate.orm.connections.pooling - HHH10001005: Database info:
	Database JDBC URL [Connecting through datasource 'HikariDataSource (HikariPool-1)']
	Database driver: undefined/unknown
	Database version: 2.3.232
	Autocommit mode: undefined/unknown
	Isolation level: undefined/unknown
	Minimum pool size: undefined/unknown
	Maximum pool size: undefined/unknown
2026-06-21 15:30:15 INFO  o.h.e.t.j.p.i.JtaPlatformInitiator - HHH000489: No JTA platform available (set 'hibernate.transaction.jta.platform' to enable JTA platform integration)
2026-06-21 15:30:15 DEBUG org.hibernate.SQL - 
    drop table if exists amministratori cascade 
2026-06-21 15:30:15 DEBUG org.hibernate.SQL - 
    drop table if exists appuntamenti cascade 
2026-06-21 15:30:15 DEBUG org.hibernate.SQL - 
    drop table if exists casse cascade 
2026-06-21 15:30:15 DEBUG org.hibernate.SQL - 
    drop table if exists chiusure_cassa cascade 
2026-06-21 15:30:15 DEBUG org.hibernate.SQL - 
    drop table if exists clienti cascade 
2026-06-21 15:30:15 DEBUG org.hibernate.SQL - 
    drop table if exists movimenti_cassa cascade 
2026-06-21 15:30:15 DEBUG org.hibernate.SQL - 
    drop table if exists negozi cascade 
2026-06-21 15:30:15 DEBUG org.hibernate.SQL - 
    drop table if exists prodotti cascade 
2026-06-21 15:30:15 DEBUG org.hibernate.SQL - 
    drop table if exists scontrini cascade 
2026-06-21 15:30:15 DEBUG org.hibernate.SQL - 
    drop table if exists servizi cascade 
2026-06-21 15:30:15 DEBUG org.hibernate.SQL - 
    drop table if exists voci_scontrino cascade 
2026-06-21 15:30:15 DEBUG org.hibernate.SQL - 
    create table amministratori (
        created_at timestamp(6) not null,
        updated_at timestamp(6) not null,
        id uuid not null,
        telefono varchar(20),
        codice_univoco varchar(50) not null unique,
        cognome varchar(100) not null,
        nome varchar(100) not null,
        email varchar(150) not null unique,
        password varchar(255) not null,
        primary key (id)
    )
2026-06-21 15:30:15 DEBUG org.hibernate.SQL - 
    create table appuntamenti (
        cliente_id bigint not null,
        created_at timestamp(6) not null,
        data_ora_fine timestamp(6) not null,
        data_ora_inizio timestamp(6) not null,
        id bigint generated by default as identity,
        negozio_id bigint not null,
        servizio_id bigint not null,
        updated_at timestamp(6) not null,
        note TEXT,
        stato enum ('ANNULLATO','COMPLETATO','CONFERMATO','IN_ATTESA') not null,
        primary key (id)
    )
2026-06-21 15:30:15 DEBUG org.hibernate.SQL - 
    create table casse (
        saldo_contanti numeric(10,2),
        saldo_pos numeric(10,2),
        id bigint generated by default as identity,
        negozio_id bigint not null unique,
        ultimo_aggiornamento timestamp(6),
        primary key (id)
    )
2026-06-21 15:30:15 DEBUG org.hibernate.SQL - 
    create table chiusure_cassa (
        num_fatture integer,
        num_scontrini integer,
        totale_contanti numeric(10,2) not null,
        totale_generale numeric(10,2) not null,
        totale_pos numeric(10,2) not null,
        cassa_id bigint not null,
        created_at timestamp(6) not null,
        data_chiusura timestamp(6) not null,
        id bigint generated by default as identity,
        note TEXT,
        primary key (id)
    )
2026-06-21 15:30:15 DEBUG org.hibernate.SQL - 
    create table clienti (
        created_at timestamp(6) not null,
        id bigint generated by default as identity,
        negozio_id bigint not null,
        updated_at timestamp(6) not null,
        telefono varchar(20) not null,
        cognome varchar(100) not null,
        nome varchar(100) not null,
        email varchar(150),
        note TEXT,
        primary key (id)
    )
2026-06-21 15:30:15 DEBUG org.hibernate.SQL - 
    create table movimenti_cassa (
        importo numeric(10,2) not null,
        cassa_id bigint not null,
        data timestamp(6) not null,
        id bigint generated by default as identity,
        scontrino_id bigint,
        descrizione varchar(300),
        metodo enum ('CONTANTI','MISTO','POS') not null,
        tipo enum ('ENTRATA','USCITA') not null,
        primary key (id)
    )
2026-06-21 15:30:15 DEBUG org.hibernate.SQL - 
    create table negozi (
        created_at timestamp(6) not null,
        id bigint generated by default as identity,
        updated_at timestamp(6) not null,
        cap varchar(10),
        admin_id uuid not null unique,
        partita_iva varchar(20) unique,
        telefono varchar(20),
        citta varchar(100),
        nome varchar(200) not null,
        indirizzo varchar(300),
        tipo enum ('BARBERIA','CENTRO_ESTETICO','CENTRO_MASSAGGI','PARRUCCHIERE') not null,
        primary key (id)
    )
2026-06-21 15:30:15 DEBUG org.hibernate.SQL - 
    create table prodotti (
        prezzo_acquisto numeric(10,2) not null,
        prezzo_vendita numeric(10,2) not null,
        quantita integer not null,
        ricarico_percentuale numeric(5,2),
        soglia_minima integer,
        created_at timestamp(6) not null,
        id bigint generated by default as identity,
        negozio_id bigint not null,
        updated_at timestamp(6) not null,
        nome varchar(200) not null,
        descrizione TEXT,
        primary key (id)
    )
2026-06-21 15:30:15 DEBUG org.hibernate.SQL - 
    create table scontrini (
        importo_contanti numeric(10,2),
        importo_pos numeric(10,2),
        totale numeric(10,2) not null,
        appuntamento_id bigint unique,
        cliente_id bigint,
        created_at timestamp(6) not null,
        data_emissione timestamp(6) not null,
        id bigint generated by default as identity,
        negozio_id bigint not null,
        numero_documento varchar(50) not null,
        metodo_pagamento enum ('CONTANTI','MISTO','POS') not null,
        stato enum ('ANNULLATO','EMESSO') not null,
        tipo_documento enum ('FATTURA','SCONTRINO') not null,
        primary key (id)
    )
2026-06-21 15:30:15 DEBUG org.hibernate.SQL - 
    create table servizi (
        attivo boolean not null,
        costo numeric(10,2) not null,
        durata_minuti integer,
        created_at timestamp(6) not null,
        id bigint generated by default as identity,
        negozio_id bigint not null,
        updated_at timestamp(6) not null,
        nome_trattamento varchar(200) not null,
        descrizione TEXT,
        info_aggiuntive TEXT,
        primary key (id)
    )
2026-06-21 15:30:15 DEBUG org.hibernate.SQL - 
    create table voci_scontrino (
        prezzo_unitario numeric(10,2) not null,
        quantita integer not null,
        subtotale numeric(10,2) not null,
        id bigint generated by default as identity,
        prodotto_id bigint,
        scontrino_id bigint not null,
        servizio_id bigint,
        descrizione varchar(300) not null,
        primary key (id)
    )
2026-06-21 15:30:15 DEBUG org.hibernate.SQL - 
    alter table if exists appuntamenti 
       add constraint FKgrqhpqb6emny3jd7sani5cjvu 
       foreign key (cliente_id) 
       references clienti
2026-06-21 15:30:15 DEBUG org.hibernate.SQL - 
    alter table if exists appuntamenti 
       add constraint FKnjsnqiw0iw714nnt7egd8xh1m 
       foreign key (negozio_id) 
       references negozi
2026-06-21 15:30:15 DEBUG org.hibernate.SQL - 
    alter table if exists appuntamenti 
       add constraint FK9db5xaxy41ta3oftl58yhmlb9 
       foreign key (servizio_id) 
       references servizi
2026-06-21 15:30:15 DEBUG org.hibernate.SQL - 
    alter table if exists casse 
       add constraint FKh0hj4shyrudb8fvag2i1su0vt 
       foreign key (negozio_id) 
       references negozi
2026-06-21 15:30:15 DEBUG org.hibernate.SQL - 
    alter table if exists chiusure_cassa 
       add constraint FKp5fct6q19v5lbihsdi9fdlf5q 
       foreign key (cassa_id) 
       references casse
2026-06-21 15:30:15 DEBUG org.hibernate.SQL - 
    alter table if exists clienti 
       add constraint FK4mm0opkytbka7uq0snjdqxc08 
       foreign key (negozio_id) 
       references negozi
2026-06-21 15:30:15 DEBUG org.hibernate.SQL - 
    alter table if exists movimenti_cassa 
       add constraint FKnx8n05j8ttr7jbumrhpfkkj19 
       foreign key (cassa_id) 
       references casse
2026-06-21 15:30:15 DEBUG org.hibernate.SQL - 
    alter table if exists movimenti_cassa 
       add constraint FK74enqw4d46mclisphjaq4bvro 
       foreign key (scontrino_id) 
       references scontrini
2026-06-21 15:30:15 DEBUG org.hibernate.SQL - 
    alter table if exists negozi 
       add constraint FKehmdx86nsr2fjcvs19ysa00nx 
       foreign key (admin_id) 
       references amministratori
2026-06-21 15:30:15 DEBUG org.hibernate.SQL - 
    alter table if exists prodotti 
       add constraint FKmsxt4vksbh7p3x0yarhyaehql 
       foreign key (negozio_id) 
       references negozi
2026-06-21 15:30:15 DEBUG org.hibernate.SQL - 
    alter table if exists scontrini 
       add constraint FKn95dsj027p43w8do4hn9n5t0e 
       foreign key (appuntamento_id) 
       references appuntamenti
2026-06-21 15:30:15 DEBUG org.hibernate.SQL - 
    alter table if exists scontrini 
       add constraint FKsm4hpr23n12mwp09ubt4n3g24 
       foreign key (cliente_id) 
       references clienti
2026-06-21 15:30:15 DEBUG org.hibernate.SQL - 
    alter table if exists scontrini 
       add constraint FKrijnn35iud9e6degwtdir5rtg 
       foreign key (negozio_id) 
       references negozi
2026-06-21 15:30:15 DEBUG org.hibernate.SQL - 
    alter table if exists servizi 
       add constraint FKi8a7cfco05csktul8xh87kvun 
       foreign key (negozio_id) 
       references negozi
2026-06-21 15:30:15 DEBUG org.hibernate.SQL - 
    alter table if exists voci_scontrino 
       add constraint FKh9eu7hnjg47mgdfbwoxwundxs 
       foreign key (prodotto_id) 
       references prodotti
2026-06-21 15:30:15 DEBUG org.hibernate.SQL - 
    alter table if exists voci_scontrino 
       add constraint FKjgy6ixt9oxqwg1493derjnena 
       foreign key (scontrino_id) 
       references scontrini
2026-06-21 15:30:15 DEBUG org.hibernate.SQL - 
    alter table if exists voci_scontrino 
       add constraint FKrm8r0lyffaau7ub9ww162rbd2 
       foreign key (servizio_id) 
       references servizi
2026-06-21 15:30:15 INFO  o.s.o.j.LocalContainerEntityManagerFactoryBean - Initialized JPA EntityManagerFactory for persistence unit 'default'
2026-06-21 15:30:16 INFO  o.s.d.j.r.query.QueryEnhancerFactory - Hibernate is in classpath; If applicable, HQL parser will be used.
2026-06-21 15:30:18 INFO  o.s.s.c.a.a.c.InitializeUserDetailsBeanManagerConfigurer$InitializeUserDetailsManagerConfigurer - Global AuthenticationManager configured with UserDetailsService bean with name customUserDetailsService
2026-06-21 15:30:19 INFO  c.r.ReserveMeApplicationTests - Started ReserveMeApplicationTests in 9.077 seconds (process running for 10.779)
2026-06-21 15:30:20 INFO  o.s.o.j.LocalContainerEntityManagerFactoryBean - Closing JPA EntityManagerFactory for persistence unit 'default'
2026-06-21 15:30:20 DEBUG org.hibernate.SQL - 
    drop table if exists amministratori cascade 
2026-06-21 15:30:20 DEBUG org.hibernate.SQL - 
    drop table if exists appuntamenti cascade 
2026-06-21 15:30:20 DEBUG org.hibernate.SQL - 
    drop table if exists casse cascade 
2026-06-21 15:30:20 DEBUG org.hibernate.SQL - 
    drop table if exists chiusure_cassa cascade 
2026-06-21 15:30:20 DEBUG org.hibernate.SQL - 
    drop table if exists clienti cascade 
2026-06-21 15:30:20 DEBUG org.hibernate.SQL - 
    drop table if exists movimenti_cassa cascade 
2026-06-21 15:30:20 DEBUG org.hibernate.SQL - 
    drop table if exists negozi cascade 
2026-06-21 15:30:20 DEBUG org.hibernate.SQL - 
    drop table if exists prodotti cascade 
2026-06-21 15:30:20 DEBUG org.hibernate.SQL - 
    drop table if exists scontrini cascade 
2026-06-21 15:30:20 DEBUG org.hibernate.SQL - 
    drop table if exists servizi cascade 
2026-06-21 15:30:20 DEBUG org.hibernate.SQL - 
    drop table if exists voci_scontrino cascade 
2026-06-21 15:30:20 INFO  com.zaxxer.hikari.HikariDataSource - HikariPool-1 - Shutdown initiated...
2026-06-21 15:30:20 INFO  com.zaxxer.hikari.HikariDataSource - HikariPool-1 - Shutdown completed.
2026-06-21 15:42:00 INFO  o.h.validator.internal.util.Version - HV000001: Hibernate Validator 8.0.2.Final
2026-06-21 15:42:00 INFO  c.r.ReserveMeApplicationTests - Starting ReserveMeApplicationTests using Java 21.0.8 with PID 15776 (started by Stefano in C:\Users\Stefano\Desktop\ReserveME\ReserveME\backend)
2026-06-21 15:42:00 DEBUG c.r.ReserveMeApplicationTests - Running with Spring Boot v3.5.3, Spring v6.2.8
2026-06-21 15:42:00 INFO  c.r.ReserveMeApplicationTests - The following 1 profile is active: "test"
2026-06-21 15:42:01 INFO  o.s.d.r.c.RepositoryConfigurationDelegate - Bootstrapping Spring Data JPA repositories in DEFAULT mode.
2026-06-21 15:42:01 INFO  o.s.d.r.c.RepositoryConfigurationDelegate - Finished Spring Data repository scanning in 74 ms. Found 11 JPA repository interfaces.
2026-06-21 15:42:01 INFO  o.h.jpa.internal.util.LogHelper - HHH000204: Processing PersistenceUnitInfo [name: default]
2026-06-21 15:42:02 INFO  org.hibernate.Version - HHH000412: Hibernate ORM core version 6.6.18.Final
2026-06-21 15:42:02 INFO  o.h.c.i.RegionFactoryInitiator - HHH000026: Second-level cache disabled
2026-06-21 15:42:02 INFO  o.s.o.j.p.SpringPersistenceUnitInfo - No LoadTimeWeaver setup: ignoring JPA class transformer
2026-06-21 15:42:02 INFO  com.zaxxer.hikari.HikariDataSource - HikariPool-1 - Starting...
2026-06-21 15:42:02 INFO  com.zaxxer.hikari.pool.HikariPool - HikariPool-1 - Added connection conn0: url=jdbc:h2:mem:testdb user=SA
2026-06-21 15:42:02 INFO  com.zaxxer.hikari.HikariDataSource - HikariPool-1 - Start completed.
2026-06-21 15:42:02 WARN  org.hibernate.orm.deprecation - HHH90000025: H2Dialect does not need to be specified explicitly using 'hibernate.dialect' (remove the property setting and it will be selected by default)
2026-06-21 15:42:02 INFO  o.hibernate.orm.connections.pooling - HHH10001005: Database info:
	Database JDBC URL [Connecting through datasource 'HikariDataSource (HikariPool-1)']
	Database driver: undefined/unknown
	Database version: 2.3.232
	Autocommit mode: undefined/unknown
	Isolation level: undefined/unknown
	Minimum pool size: undefined/unknown
	Maximum pool size: undefined/unknown
2026-06-21 15:42:03 INFO  o.h.e.t.j.p.i.JtaPlatformInitiator - HHH000489: No JTA platform available (set 'hibernate.transaction.jta.platform' to enable JTA platform integration)
2026-06-21 15:42:03 DEBUG org.hibernate.SQL - 
    drop table if exists amministratori cascade 
2026-06-21 15:42:03 DEBUG org.hibernate.SQL - 
    drop table if exists appuntamenti cascade 
2026-06-21 15:42:03 DEBUG org.hibernate.SQL - 
    drop table if exists casse cascade 
2026-06-21 15:42:03 DEBUG org.hibernate.SQL - 
    drop table if exists chiusure_cassa cascade 
2026-06-21 15:42:03 DEBUG org.hibernate.SQL - 
    drop table if exists clienti cascade 
2026-06-21 15:42:03 DEBUG org.hibernate.SQL - 
    drop table if exists movimenti_cassa cascade 
2026-06-21 15:42:03 DEBUG org.hibernate.SQL - 
    drop table if exists negozi cascade 
2026-06-21 15:42:03 DEBUG org.hibernate.SQL - 
    drop table if exists prodotti cascade 
2026-06-21 15:42:03 DEBUG org.hibernate.SQL - 
    drop table if exists scontrini cascade 
2026-06-21 15:42:03 DEBUG org.hibernate.SQL - 
    drop table if exists servizi cascade 
2026-06-21 15:42:03 DEBUG org.hibernate.SQL - 
    drop table if exists voci_scontrino cascade 
2026-06-21 15:42:03 DEBUG org.hibernate.SQL - 
    create table amministratori (
        created_at timestamp(6) not null,
        updated_at timestamp(6) not null,
        id uuid not null,
        telefono varchar(20),
        codice_univoco varchar(50) not null unique,
        cognome varchar(100) not null,
        nome varchar(100) not null,
        email varchar(150) not null unique,
        password varchar(255) not null,
        primary key (id)
    )
2026-06-21 15:42:03 DEBUG org.hibernate.SQL - 
    create table appuntamenti (
        cliente_id bigint not null,
        created_at timestamp(6) not null,
        data_ora_fine timestamp(6) not null,
        data_ora_inizio timestamp(6) not null,
        id bigint generated by default as identity,
        negozio_id bigint not null,
        servizio_id bigint not null,
        updated_at timestamp(6) not null,
        note TEXT,
        stato enum ('ANNULLATO','COMPLETATO','CONFERMATO','IN_ATTESA') not null,
        primary key (id)
    )
2026-06-21 15:42:03 DEBUG org.hibernate.SQL - 
    create table casse (
        saldo_contanti numeric(10,2),
        saldo_pos numeric(10,2),
        id bigint generated by default as identity,
        negozio_id bigint not null unique,
        ultimo_aggiornamento timestamp(6),
        primary key (id)
    )
2026-06-21 15:42:03 DEBUG org.hibernate.SQL - 
    create table chiusure_cassa (
        num_fatture integer,
        num_scontrini integer,
        totale_contanti numeric(10,2) not null,
        totale_generale numeric(10,2) not null,
        totale_pos numeric(10,2) not null,
        cassa_id bigint not null,
        created_at timestamp(6) not null,
        data_chiusura timestamp(6) not null,
        id bigint generated by default as identity,
        note TEXT,
        primary key (id)
    )
2026-06-21 15:42:03 DEBUG org.hibernate.SQL - 
    create table clienti (
        created_at timestamp(6) not null,
        id bigint generated by default as identity,
        negozio_id bigint not null,
        updated_at timestamp(6) not null,
        telefono varchar(20) not null,
        cognome varchar(100) not null,
        nome varchar(100) not null,
        email varchar(150),
        note TEXT,
        primary key (id)
    )
2026-06-21 15:42:03 DEBUG org.hibernate.SQL - 
    create table movimenti_cassa (
        importo numeric(10,2) not null,
        cassa_id bigint not null,
        data timestamp(6) not null,
        id bigint generated by default as identity,
        scontrino_id bigint,
        descrizione varchar(300),
        metodo enum ('CONTANTI','MISTO','POS') not null,
        tipo enum ('ENTRATA','USCITA') not null,
        primary key (id)
    )
2026-06-21 15:42:03 DEBUG org.hibernate.SQL - 
    create table negozi (
        created_at timestamp(6) not null,
        id bigint generated by default as identity,
        updated_at timestamp(6) not null,
        cap varchar(10),
        admin_id uuid not null unique,
        partita_iva varchar(20) unique,
        telefono varchar(20),
        citta varchar(100),
        nome varchar(200) not null,
        indirizzo varchar(300),
        tipo enum ('BARBERIA','CENTRO_ESTETICO','CENTRO_MASSAGGI','PARRUCCHIERE') not null,
        primary key (id)
    )
2026-06-21 15:42:03 DEBUG org.hibernate.SQL - 
    create table prodotti (
        prezzo_acquisto numeric(10,2) not null,
        prezzo_vendita numeric(10,2) not null,
        quantita integer not null,
        ricarico_percentuale numeric(5,2),
        soglia_minima integer,
        created_at timestamp(6) not null,
        id bigint generated by default as identity,
        negozio_id bigint not null,
        updated_at timestamp(6) not null,
        nome varchar(200) not null,
        descrizione TEXT,
        primary key (id)
    )
2026-06-21 15:42:03 DEBUG org.hibernate.SQL - 
    create table scontrini (
        importo_contanti numeric(10,2),
        importo_pos numeric(10,2),
        totale numeric(10,2) not null,
        appuntamento_id bigint unique,
        cliente_id bigint,
        created_at timestamp(6) not null,
        data_emissione timestamp(6) not null,
        id bigint generated by default as identity,
        negozio_id bigint not null,
        numero_documento varchar(50) not null,
        metodo_pagamento enum ('CONTANTI','MISTO','POS') not null,
        stato enum ('ANNULLATO','EMESSO') not null,
        tipo_documento enum ('FATTURA','SCONTRINO') not null,
        primary key (id)
    )
2026-06-21 15:42:03 DEBUG org.hibernate.SQL - 
    create table servizi (
        attivo boolean not null,
        costo numeric(10,2) not null,
        durata_minuti integer,
        created_at timestamp(6) not null,
        id bigint generated by default as identity,
        negozio_id bigint not null,
        updated_at timestamp(6) not null,
        nome_trattamento varchar(200) not null,
        descrizione TEXT,
        info_aggiuntive TEXT,
        primary key (id)
    )
2026-06-21 15:42:03 DEBUG org.hibernate.SQL - 
    create table voci_scontrino (
        prezzo_unitario numeric(10,2) not null,
        quantita integer not null,
        subtotale numeric(10,2) not null,
        id bigint generated by default as identity,
        prodotto_id bigint,
        scontrino_id bigint not null,
        servizio_id bigint,
        descrizione varchar(300) not null,
        primary key (id)
    )
2026-06-21 15:42:03 DEBUG org.hibernate.SQL - 
    alter table if exists appuntamenti 
       add constraint FKgrqhpqb6emny3jd7sani5cjvu 
       foreign key (cliente_id) 
       references clienti
2026-06-21 15:42:03 DEBUG org.hibernate.SQL - 
    alter table if exists appuntamenti 
       add constraint FKnjsnqiw0iw714nnt7egd8xh1m 
       foreign key (negozio_id) 
       references negozi
2026-06-21 15:42:03 DEBUG org.hibernate.SQL - 
    alter table if exists appuntamenti 
       add constraint FK9db5xaxy41ta3oftl58yhmlb9 
       foreign key (servizio_id) 
       references servizi
2026-06-21 15:42:03 DEBUG org.hibernate.SQL - 
    alter table if exists casse 
       add constraint FKh0hj4shyrudb8fvag2i1su0vt 
       foreign key (negozio_id) 
       references negozi
2026-06-21 15:42:03 DEBUG org.hibernate.SQL - 
    alter table if exists chiusure_cassa 
       add constraint FKp5fct6q19v5lbihsdi9fdlf5q 
       foreign key (cassa_id) 
       references casse
2026-06-21 15:42:03 DEBUG org.hibernate.SQL - 
    alter table if exists clienti 
       add constraint FK4mm0opkytbka7uq0snjdqxc08 
       foreign key (negozio_id) 
       references negozi
2026-06-21 15:42:03 DEBUG org.hibernate.SQL - 
    alter table if exists movimenti_cassa 
       add constraint FKnx8n05j8ttr7jbumrhpfkkj19 
       foreign key (cassa_id) 
       references casse
2026-06-21 15:42:03 DEBUG org.hibernate.SQL - 
    alter table if exists movimenti_cassa 
       add constraint FK74enqw4d46mclisphjaq4bvro 
       foreign key (scontrino_id) 
       references scontrini
2026-06-21 15:42:03 DEBUG org.hibernate.SQL - 
    alter table if exists negozi 
       add constraint FKehmdx86nsr2fjcvs19ysa00nx 
       foreign key (admin_id) 
       references amministratori
2026-06-21 15:42:03 DEBUG org.hibernate.SQL - 
    alter table if exists prodotti 
       add constraint FKmsxt4vksbh7p3x0yarhyaehql 
       foreign key (negozio_id) 
       references negozi
2026-06-21 15:42:03 DEBUG org.hibernate.SQL - 
    alter table if exists scontrini 
       add constraint FKn95dsj027p43w8do4hn9n5t0e 
       foreign key (appuntamento_id) 
       references appuntamenti
2026-06-21 15:42:03 DEBUG org.hibernate.SQL - 
    alter table if exists scontrini 
       add constraint FKsm4hpr23n12mwp09ubt4n3g24 
       foreign key (cliente_id) 
       references clienti
2026-06-21 15:42:03 DEBUG org.hibernate.SQL - 
    alter table if exists scontrini 
       add constraint FKrijnn35iud9e6degwtdir5rtg 
       foreign key (negozio_id) 
       references negozi
2026-06-21 15:42:03 DEBUG org.hibernate.SQL - 
    alter table if exists servizi 
       add constraint FKi8a7cfco05csktul8xh87kvun 
       foreign key (negozio_id) 
       references negozi
2026-06-21 15:42:03 DEBUG org.hibernate.SQL - 
    alter table if exists voci_scontrino 
       add constraint FKh9eu7hnjg47mgdfbwoxwundxs 
       foreign key (prodotto_id) 
       references prodotti
2026-06-21 15:42:03 DEBUG org.hibernate.SQL - 
    alter table if exists voci_scontrino 
       add constraint FKjgy6ixt9oxqwg1493derjnena 
       foreign key (scontrino_id) 
       references scontrini
2026-06-21 15:42:03 DEBUG org.hibernate.SQL - 
    alter table if exists voci_scontrino 
       add constraint FKrm8r0lyffaau7ub9ww162rbd2 
       foreign key (servizio_id) 
       references servizi
2026-06-21 15:42:03 INFO  o.s.o.j.LocalContainerEntityManagerFactoryBean - Initialized JPA EntityManagerFactory for persistence unit 'default'
2026-06-21 15:42:04 INFO  o.s.d.j.r.query.QueryEnhancerFactory - Hibernate is in classpath; If applicable, HQL parser will be used.
2026-06-21 15:42:06 INFO  o.s.s.c.a.a.c.InitializeUserDetailsBeanManagerConfigurer$InitializeUserDetailsManagerConfigurer - Global AuthenticationManager configured with UserDetailsService bean with name customUserDetailsService
2026-06-21 15:42:06 INFO  c.r.ReserveMeApplicationTests - Started ReserveMeApplicationTests in 6.854 seconds (process running for 7.804)
2026-06-21 15:42:08 INFO  o.s.o.j.LocalContainerEntityManagerFactoryBean - Closing JPA EntityManagerFactory for persistence unit 'default'
2026-06-21 15:42:08 DEBUG org.hibernate.SQL - 
    drop table if exists amministratori cascade 
2026-06-21 15:42:08 DEBUG org.hibernate.SQL - 
    drop table if exists appuntamenti cascade 
2026-06-21 15:42:08 DEBUG org.hibernate.SQL - 
    drop table if exists casse cascade 
2026-06-21 15:42:08 DEBUG org.hibernate.SQL - 
    drop table if exists chiusure_cassa cascade 
2026-06-21 15:42:08 DEBUG org.hibernate.SQL - 
    drop table if exists clienti cascade 
2026-06-21 15:42:08 DEBUG org.hibernate.SQL - 
    drop table if exists movimenti_cassa cascade 
2026-06-21 15:42:08 DEBUG org.hibernate.SQL - 
    drop table if exists negozi cascade 
2026-06-21 15:42:08 DEBUG org.hibernate.SQL - 
    drop table if exists prodotti cascade 
2026-06-21 15:42:08 DEBUG org.hibernate.SQL - 
    drop table if exists scontrini cascade 
2026-06-21 15:42:08 DEBUG org.hibernate.SQL - 
    drop table if exists servizi cascade 
2026-06-21 15:42:08 DEBUG org.hibernate.SQL - 
    drop table if exists voci_scontrino cascade 
2026-06-21 15:42:08 INFO  com.zaxxer.hikari.HikariDataSource - HikariPool-1 - Shutdown initiated...
2026-06-21 15:42:08 INFO  com.zaxxer.hikari.HikariDataSource - HikariPool-1 - Shutdown completed.
2026-06-21 15:42:44 INFO  o.h.validator.internal.util.Version - HV000001: Hibernate Validator 8.0.2.Final
2026-06-21 15:42:44 INFO  c.r.ReserveMeApplicationTests - Starting ReserveMeApplicationTests using Java 21.0.8 with PID 40196 (started by Stefano in C:\Users\Stefano\Desktop\ReserveME\ReserveME\backend)
2026-06-21 15:42:44 DEBUG c.r.ReserveMeApplicationTests - Running with Spring Boot v3.5.3, Spring v6.2.8
2026-06-21 15:42:44 INFO  c.r.ReserveMeApplicationTests - The following 1 profile is active: "test"
2026-06-21 15:42:45 INFO  o.s.d.r.c.RepositoryConfigurationDelegate - Bootstrapping Spring Data JPA repositories in DEFAULT mode.
2026-06-21 15:42:45 INFO  o.s.d.r.c.RepositoryConfigurationDelegate - Finished Spring Data repository scanning in 77 ms. Found 11 JPA repository interfaces.
2026-06-21 15:42:46 INFO  o.h.jpa.internal.util.LogHelper - HHH000204: Processing PersistenceUnitInfo [name: default]
2026-06-21 15:42:46 INFO  org.hibernate.Version - HHH000412: Hibernate ORM core version 6.6.18.Final
2026-06-21 15:42:46 INFO  o.h.c.i.RegionFactoryInitiator - HHH000026: Second-level cache disabled
2026-06-21 15:42:46 INFO  o.s.o.j.p.SpringPersistenceUnitInfo - No LoadTimeWeaver setup: ignoring JPA class transformer
2026-06-21 15:42:47 INFO  com.zaxxer.hikari.HikariDataSource - HikariPool-1 - Starting...
2026-06-21 15:42:47 INFO  com.zaxxer.hikari.pool.HikariPool - HikariPool-1 - Added connection conn0: url=jdbc:h2:mem:testdb user=SA
2026-06-21 15:42:47 INFO  com.zaxxer.hikari.HikariDataSource - HikariPool-1 - Start completed.
2026-06-21 15:42:47 WARN  org.hibernate.orm.deprecation - HHH90000025: H2Dialect does not need to be specified explicitly using 'hibernate.dialect' (remove the property setting and it will be selected by default)
2026-06-21 15:42:47 INFO  o.hibernate.orm.connections.pooling - HHH10001005: Database info:
	Database JDBC URL [Connecting through datasource 'HikariDataSource (HikariPool-1)']
	Database driver: undefined/unknown
	Database version: 2.3.232
	Autocommit mode: undefined/unknown
	Isolation level: undefined/unknown
	Minimum pool size: undefined/unknown
	Maximum pool size: undefined/unknown
2026-06-21 15:42:48 INFO  o.h.e.t.j.p.i.JtaPlatformInitiator - HHH000489: No JTA platform available (set 'hibernate.transaction.jta.platform' to enable JTA platform integration)
2026-06-21 15:42:48 DEBUG org.hibernate.SQL - 
    drop table if exists amministratori cascade 
2026-06-21 15:42:48 DEBUG org.hibernate.SQL - 
    drop table if exists appuntamenti cascade 
2026-06-21 15:42:48 DEBUG org.hibernate.SQL - 
    drop table if exists casse cascade 
2026-06-21 15:42:48 DEBUG org.hibernate.SQL - 
    drop table if exists chiusure_cassa cascade 
2026-06-21 15:42:48 DEBUG org.hibernate.SQL - 
    drop table if exists clienti cascade 
2026-06-21 15:42:48 DEBUG org.hibernate.SQL - 
    drop table if exists movimenti_cassa cascade 
2026-06-21 15:42:48 DEBUG org.hibernate.SQL - 
    drop table if exists negozi cascade 
2026-06-21 15:42:48 DEBUG org.hibernate.SQL - 
    drop table if exists prodotti cascade 
2026-06-21 15:42:48 DEBUG org.hibernate.SQL - 
    drop table if exists scontrini cascade 
2026-06-21 15:42:48 DEBUG org.hibernate.SQL - 
    drop table if exists servizi cascade 
2026-06-21 15:42:48 DEBUG org.hibernate.SQL - 
    drop table if exists voci_scontrino cascade 
2026-06-21 15:42:48 DEBUG org.hibernate.SQL - 
    create table amministratori (
        created_at timestamp(6) not null,
        updated_at timestamp(6) not null,
        id uuid not null,
        telefono varchar(20),
        codice_univoco varchar(50) not null unique,
        cognome varchar(100) not null,
        nome varchar(100) not null,
        email varchar(150) not null unique,
        password varchar(255) not null,
        primary key (id)
    )
2026-06-21 15:42:48 DEBUG org.hibernate.SQL - 
    create table appuntamenti (
        cliente_id bigint not null,
        created_at timestamp(6) not null,
        data_ora_fine timestamp(6) not null,
        data_ora_inizio timestamp(6) not null,
        id bigint generated by default as identity,
        negozio_id bigint not null,
        servizio_id bigint not null,
        updated_at timestamp(6) not null,
        note TEXT,
        stato enum ('ANNULLATO','COMPLETATO','CONFERMATO','IN_ATTESA') not null,
        primary key (id)
    )
2026-06-21 15:42:48 DEBUG org.hibernate.SQL - 
    create table casse (
        saldo_contanti numeric(10,2),
        saldo_pos numeric(10,2),
        id bigint generated by default as identity,
        negozio_id bigint not null unique,
        ultimo_aggiornamento timestamp(6),
        primary key (id)
    )
2026-06-21 15:42:48 DEBUG org.hibernate.SQL - 
    create table chiusure_cassa (
        num_fatture integer,
        num_scontrini integer,
        totale_contanti numeric(10,2) not null,
        totale_generale numeric(10,2) not null,
        totale_pos numeric(10,2) not null,
        cassa_id bigint not null,
        created_at timestamp(6) not null,
        data_chiusura timestamp(6) not null,
        id bigint generated by default as identity,
        note TEXT,
        primary key (id)
    )
2026-06-21 15:42:48 DEBUG org.hibernate.SQL - 
    create table clienti (
        created_at timestamp(6) not null,
        id bigint generated by default as identity,
        negozio_id bigint not null,
        updated_at timestamp(6) not null,
        telefono varchar(20) not null,
        cognome varchar(100) not null,
        nome varchar(100) not null,
        email varchar(150),
        note TEXT,
        primary key (id)
    )
2026-06-21 15:42:48 DEBUG org.hibernate.SQL - 
    create table movimenti_cassa (
        importo numeric(10,2) not null,
        cassa_id bigint not null,
        data timestamp(6) not null,
        id bigint generated by default as identity,
        scontrino_id bigint,
        descrizione varchar(300),
        metodo enum ('CONTANTI','MISTO','POS') not null,
        tipo enum ('ENTRATA','USCITA') not null,
        primary key (id)
    )
2026-06-21 15:42:48 DEBUG org.hibernate.SQL - 
    create table negozi (
        created_at timestamp(6) not null,
        id bigint generated by default as identity,
        updated_at timestamp(6) not null,
        cap varchar(10),
        admin_id uuid not null unique,
        partita_iva varchar(20) unique,
        telefono varchar(20),
        citta varchar(100),
        nome varchar(200) not null,
        indirizzo varchar(300),
        tipo enum ('BARBERIA','CENTRO_ESTETICO','CENTRO_MASSAGGI','PARRUCCHIERE') not null,
        primary key (id)
    )
2026-06-21 15:42:48 DEBUG org.hibernate.SQL - 
    create table prodotti (
        prezzo_acquisto numeric(10,2) not null,
        prezzo_vendita numeric(10,2) not null,
        quantita integer not null,
        ricarico_percentuale numeric(5,2),
        soglia_minima integer,
        created_at timestamp(6) not null,
        id bigint generated by default as identity,
        negozio_id bigint not null,
        updated_at timestamp(6) not null,
        nome varchar(200) not null,
        descrizione TEXT,
        primary key (id)
    )
2026-06-21 15:42:48 DEBUG org.hibernate.SQL - 
    create table scontrini (
        importo_contanti numeric(10,2),
        importo_pos numeric(10,2),
        totale numeric(10,2) not null,
        appuntamento_id bigint unique,
        cliente_id bigint,
        created_at timestamp(6) not null,
        data_emissione timestamp(6) not null,
        id bigint generated by default as identity,
        negozio_id bigint not null,
        numero_documento varchar(50) not null,
        metodo_pagamento enum ('CONTANTI','MISTO','POS') not null,
        stato enum ('ANNULLATO','EMESSO') not null,
        tipo_documento enum ('FATTURA','SCONTRINO') not null,
        primary key (id)
    )
2026-06-21 15:42:48 DEBUG org.hibernate.SQL - 
    create table servizi (
        attivo boolean not null,
        costo numeric(10,2) not null,
        durata_minuti integer,
        created_at timestamp(6) not null,
        id bigint generated by default as identity,
        negozio_id bigint not null,
        updated_at timestamp(6) not null,
        nome_trattamento varchar(200) not null,
        descrizione TEXT,
        info_aggiuntive TEXT,
        primary key (id)
    )
2026-06-21 15:42:48 DEBUG org.hibernate.SQL - 
    create table voci_scontrino (
        prezzo_unitario numeric(10,2) not null,
        quantita integer not null,
        subtotale numeric(10,2) not null,
        id bigint generated by default as identity,
        prodotto_id bigint,
        scontrino_id bigint not null,
        servizio_id bigint,
        descrizione varchar(300) not null,
        primary key (id)
    )
2026-06-21 15:42:48 DEBUG org.hibernate.SQL - 
    alter table if exists appuntamenti 
       add constraint FKgrqhpqb6emny3jd7sani5cjvu 
       foreign key (cliente_id) 
       references clienti
2026-06-21 15:42:48 DEBUG org.hibernate.SQL - 
    alter table if exists appuntamenti 
       add constraint FKnjsnqiw0iw714nnt7egd8xh1m 
       foreign key (negozio_id) 
       references negozi
2026-06-21 15:42:48 DEBUG org.hibernate.SQL - 
    alter table if exists appuntamenti 
       add constraint FK9db5xaxy41ta3oftl58yhmlb9 
       foreign key (servizio_id) 
       references servizi
2026-06-21 15:42:48 DEBUG org.hibernate.SQL - 
    alter table if exists casse 
       add constraint FKh0hj4shyrudb8fvag2i1su0vt 
       foreign key (negozio_id) 
       references negozi
2026-06-21 15:42:48 DEBUG org.hibernate.SQL - 
    alter table if exists chiusure_cassa 
       add constraint FKp5fct6q19v5lbihsdi9fdlf5q 
       foreign key (cassa_id) 
       references casse
2026-06-21 15:42:48 DEBUG org.hibernate.SQL - 
    alter table if exists clienti 
       add constraint FK4mm0opkytbka7uq0snjdqxc08 
       foreign key (negozio_id) 
       references negozi
2026-06-21 15:42:48 DEBUG org.hibernate.SQL - 
    alter table if exists movimenti_cassa 
       add constraint FKnx8n05j8ttr7jbumrhpfkkj19 
       foreign key (cassa_id) 
       references casse
2026-06-21 15:42:48 DEBUG org.hibernate.SQL - 
    alter table if exists movimenti_cassa 
       add constraint FK74enqw4d46mclisphjaq4bvro 
       foreign key (scontrino_id) 
       references scontrini
2026-06-21 15:42:48 DEBUG org.hibernate.SQL - 
    alter table if exists negozi 
       add constraint FKehmdx86nsr2fjcvs19ysa00nx 
       foreign key (admin_id) 
       references amministratori
2026-06-21 15:42:48 DEBUG org.hibernate.SQL - 
    alter table if exists prodotti 
       add constraint FKmsxt4vksbh7p3x0yarhyaehql 
       foreign key (negozio_id) 
       references negozi
2026-06-21 15:42:48 DEBUG org.hibernate.SQL - 
    alter table if exists scontrini 
       add constraint FKn95dsj027p43w8do4hn9n5t0e 
       foreign key (appuntamento_id) 
       references appuntamenti
2026-06-21 15:42:48 DEBUG org.hibernate.SQL - 
    alter table if exists scontrini 
       add constraint FKsm4hpr23n12mwp09ubt4n3g24 
       foreign key (cliente_id) 
       references clienti
2026-06-21 15:42:48 DEBUG org.hibernate.SQL - 
    alter table if exists scontrini 
       add constraint FKrijnn35iud9e6degwtdir5rtg 
       foreign key (negozio_id) 
       references negozi
2026-06-21 15:42:48 DEBUG org.hibernate.SQL - 
    alter table if exists servizi 
       add constraint FKi8a7cfco05csktul8xh87kvun 
       foreign key (negozio_id) 
       references negozi
2026-06-21 15:42:48 DEBUG org.hibernate.SQL - 
    alter table if exists voci_scontrino 
       add constraint FKh9eu7hnjg47mgdfbwoxwundxs 
       foreign key (prodotto_id) 
       references prodotti
2026-06-21 15:42:48 DEBUG org.hibernate.SQL - 
    alter table if exists voci_scontrino 
       add constraint FKjgy6ixt9oxqwg1493derjnena 
       foreign key (scontrino_id) 
       references scontrini
2026-06-21 15:42:48 DEBUG org.hibernate.SQL - 
    alter table if exists voci_scontrino 
       add constraint FKrm8r0lyffaau7ub9ww162rbd2 
       foreign key (servizio_id) 
       references servizi
2026-06-21 15:42:48 INFO  o.s.o.j.LocalContainerEntityManagerFactoryBean - Initialized JPA EntityManagerFactory for persistence unit 'default'
2026-06-21 15:42:49 INFO  o.s.d.j.r.query.QueryEnhancerFactory - Hibernate is in classpath; If applicable, HQL parser will be used.
2026-06-21 15:42:51 INFO  o.s.s.c.a.a.c.InitializeUserDetailsBeanManagerConfigurer$InitializeUserDetailsManagerConfigurer - Global AuthenticationManager configured with UserDetailsService bean with name customUserDetailsService
2026-06-21 15:42:51 INFO  c.r.ReserveMeApplicationTests - Started ReserveMeApplicationTests in 7.482 seconds (process running for 8.397)
2026-06-21 15:42:53 INFO  o.s.o.j.LocalContainerEntityManagerFactoryBean - Closing JPA EntityManagerFactory for persistence unit 'default'
2026-06-21 15:42:53 DEBUG org.hibernate.SQL - 
    drop table if exists amministratori cascade 
2026-06-21 15:42:53 DEBUG org.hibernate.SQL - 
    drop table if exists appuntamenti cascade 
2026-06-21 15:42:53 DEBUG org.hibernate.SQL - 
    drop table if exists casse cascade 
2026-06-21 15:42:53 DEBUG org.hibernate.SQL - 
    drop table if exists chiusure_cassa cascade 
2026-06-21 15:42:53 DEBUG org.hibernate.SQL - 
    drop table if exists clienti cascade 
2026-06-21 15:42:53 DEBUG org.hibernate.SQL - 
    drop table if exists movimenti_cassa cascade 
2026-06-21 15:42:53 DEBUG org.hibernate.SQL - 
    drop table if exists negozi cascade 
2026-06-21 15:42:53 DEBUG org.hibernate.SQL - 
    drop table if exists prodotti cascade 
2026-06-21 15:42:53 DEBUG org.hibernate.SQL - 
    drop table if exists scontrini cascade 
2026-06-21 15:42:53 DEBUG org.hibernate.SQL - 
    drop table if exists servizi cascade 
2026-06-21 15:42:53 DEBUG org.hibernate.SQL - 
    drop table if exists voci_scontrino cascade 
2026-06-21 15:42:53 INFO  com.zaxxer.hikari.HikariDataSource - HikariPool-1 - Shutdown initiated...
2026-06-21 15:42:53 INFO  com.zaxxer.hikari.HikariDataSource - HikariPool-1 - Shutdown completed.
2026-06-21 16:19:22 INFO  o.h.validator.internal.util.Version - HV000001: Hibernate Validator 8.0.2.Final
2026-06-21 16:19:22 INFO  c.r.ReserveMeApplicationTests - Starting ReserveMeApplicationTests using Java 21.0.8 with PID 9860 (started by Stefano in C:\Users\Stefano\Desktop\ReserveME\ReserveME\backend)
2026-06-21 16:19:22 DEBUG c.r.ReserveMeApplicationTests - Running with Spring Boot v3.5.3, Spring v6.2.8
2026-06-21 16:19:22 INFO  c.r.ReserveMeApplicationTests - The following 1 profile is active: "test"
2026-06-21 16:19:23 INFO  o.s.d.r.c.RepositoryConfigurationDelegate - Bootstrapping Spring Data JPA repositories in DEFAULT mode.
2026-06-21 16:19:23 INFO  o.s.d.r.c.RepositoryConfigurationDelegate - Finished Spring Data repository scanning in 72 ms. Found 11 JPA repository interfaces.
2026-06-21 16:19:23 INFO  o.h.jpa.internal.util.LogHelper - HHH000204: Processing PersistenceUnitInfo [name: default]
2026-06-21 16:19:23 INFO  org.hibernate.Version - HHH000412: Hibernate ORM core version 6.6.18.Final
2026-06-21 16:19:24 INFO  o.h.c.i.RegionFactoryInitiator - HHH000026: Second-level cache disabled
2026-06-21 16:19:24 INFO  o.s.o.j.p.SpringPersistenceUnitInfo - No LoadTimeWeaver setup: ignoring JPA class transformer
2026-06-21 16:19:24 INFO  com.zaxxer.hikari.HikariDataSource - HikariPool-1 - Starting...
2026-06-21 16:19:24 INFO  com.zaxxer.hikari.pool.HikariPool - HikariPool-1 - Added connection conn0: url=jdbc:h2:mem:testdb user=SA
2026-06-21 16:19:24 INFO  com.zaxxer.hikari.HikariDataSource - HikariPool-1 - Start completed.
2026-06-21 16:19:24 WARN  org.hibernate.orm.deprecation - HHH90000025: H2Dialect does not need to be specified explicitly using 'hibernate.dialect' (remove the property setting and it will be selected by default)
2026-06-21 16:19:24 INFO  o.hibernate.orm.connections.pooling - HHH10001005: Database info:
	Database JDBC URL [Connecting through datasource 'HikariDataSource (HikariPool-1)']
	Database driver: undefined/unknown
	Database version: 2.3.232
	Autocommit mode: undefined/unknown
	Isolation level: undefined/unknown
	Minimum pool size: undefined/unknown
	Maximum pool size: undefined/unknown
2026-06-21 16:19:25 INFO  o.h.e.t.j.p.i.JtaPlatformInitiator - HHH000489: No JTA platform available (set 'hibernate.transaction.jta.platform' to enable JTA platform integration)
2026-06-21 16:19:25 DEBUG org.hibernate.SQL - 
    drop table if exists amministratori cascade 
2026-06-21 16:19:25 DEBUG org.hibernate.SQL - 
    drop table if exists appuntamenti cascade 
2026-06-21 16:19:25 DEBUG org.hibernate.SQL - 
    drop table if exists casse cascade 
2026-06-21 16:19:25 DEBUG org.hibernate.SQL - 
    drop table if exists chiusure_cassa cascade 
2026-06-21 16:19:25 DEBUG org.hibernate.SQL - 
    drop table if exists clienti cascade 
2026-06-21 16:19:25 DEBUG org.hibernate.SQL - 
    drop table if exists movimenti_cassa cascade 
2026-06-21 16:19:25 DEBUG org.hibernate.SQL - 
    drop table if exists negozi cascade 
2026-06-21 16:19:25 DEBUG org.hibernate.SQL - 
    drop table if exists prodotti cascade 
2026-06-21 16:19:25 DEBUG org.hibernate.SQL - 
    drop table if exists scontrini cascade 
2026-06-21 16:19:25 DEBUG org.hibernate.SQL - 
    drop table if exists servizi cascade 
2026-06-21 16:19:25 DEBUG org.hibernate.SQL - 
    drop table if exists voci_scontrino cascade 
2026-06-21 16:19:25 DEBUG org.hibernate.SQL - 
    create table amministratori (
        created_at timestamp(6) not null,
        updated_at timestamp(6) not null,
        id uuid not null,
        telefono varchar(20),
        codice_univoco varchar(50) not null unique,
        cognome varchar(100) not null,
        nome varchar(100) not null,
        email varchar(150) not null unique,
        password varchar(255) not null,
        primary key (id)
    )
2026-06-21 16:19:25 DEBUG org.hibernate.SQL - 
    create table appuntamenti (
        cliente_id bigint not null,
        created_at timestamp(6) not null,
        data_ora_fine timestamp(6) not null,
        data_ora_inizio timestamp(6) not null,
        id bigint generated by default as identity,
        negozio_id bigint not null,
        servizio_id bigint not null,
        updated_at timestamp(6) not null,
        note TEXT,
        stato enum ('ANNULLATO','COMPLETATO','CONFERMATO','IN_ATTESA') not null,
        primary key (id)
    )
2026-06-21 16:19:25 DEBUG org.hibernate.SQL - 
    create table casse (
        saldo_contanti numeric(10,2),
        saldo_pos numeric(10,2),
        id bigint generated by default as identity,
        negozio_id bigint not null unique,
        ultimo_aggiornamento timestamp(6),
        primary key (id)
    )
2026-06-21 16:19:25 DEBUG org.hibernate.SQL - 
    create table chiusure_cassa (
        num_fatture integer,
        num_scontrini integer,
        totale_contanti numeric(10,2) not null,
        totale_generale numeric(10,2) not null,
        totale_pos numeric(10,2) not null,
        cassa_id bigint not null,
        created_at timestamp(6) not null,
        data_chiusura timestamp(6) not null,
        id bigint generated by default as identity,
        note TEXT,
        primary key (id)
    )
2026-06-21 16:19:25 DEBUG org.hibernate.SQL - 
    create table clienti (
        created_at timestamp(6) not null,
        id bigint generated by default as identity,
        negozio_id bigint not null,
        updated_at timestamp(6) not null,
        telefono varchar(20) not null,
        cognome varchar(100) not null,
        nome varchar(100) not null,
        email varchar(150),
        note TEXT,
        primary key (id)
    )
2026-06-21 16:19:25 DEBUG org.hibernate.SQL - 
    create table movimenti_cassa (
        importo numeric(10,2) not null,
        cassa_id bigint not null,
        data timestamp(6) not null,
        id bigint generated by default as identity,
        scontrino_id bigint,
        descrizione varchar(300),
        metodo enum ('CONTANTI','MISTO','POS') not null,
        tipo enum ('ENTRATA','USCITA') not null,
        primary key (id)
    )
2026-06-21 16:19:25 DEBUG org.hibernate.SQL - 
    create table negozi (
        created_at timestamp(6) not null,
        id bigint generated by default as identity,
        updated_at timestamp(6) not null,
        cap varchar(10),
        admin_id uuid not null unique,
        partita_iva varchar(20) unique,
        telefono varchar(20),
        citta varchar(100),
        nome varchar(200) not null,
        indirizzo varchar(300),
        tipo enum ('BARBERIA','CENTRO_ESTETICO','CENTRO_MASSAGGI','PARRUCCHIERE') not null,
        primary key (id)
    )
2026-06-21 16:19:25 DEBUG org.hibernate.SQL - 
    create table prodotti (
        prezzo_acquisto numeric(10,2) not null,
        prezzo_vendita numeric(10,2) not null,
        quantita integer not null,
        ricarico_percentuale numeric(5,2),
        soglia_minima integer,
        created_at timestamp(6) not null,
        id bigint generated by default as identity,
        negozio_id bigint not null,
        updated_at timestamp(6) not null,
        nome varchar(200) not null,
        descrizione TEXT,
        primary key (id)
    )
2026-06-21 16:19:25 DEBUG org.hibernate.SQL - 
    create table scontrini (
        importo_contanti numeric(10,2),
        importo_pos numeric(10,2),
        totale numeric(10,2) not null,
        appuntamento_id bigint unique,
        cliente_id bigint,
        created_at timestamp(6) not null,
        data_emissione timestamp(6) not null,
        id bigint generated by default as identity,
        negozio_id bigint not null,
        numero_documento varchar(50) not null,
        metodo_pagamento enum ('CONTANTI','MISTO','POS') not null,
        stato enum ('ANNULLATO','EMESSO') not null,
        tipo_documento enum ('FATTURA','SCONTRINO') not null,
        primary key (id)
    )
2026-06-21 16:19:25 DEBUG org.hibernate.SQL - 
    create table servizi (
        attivo boolean not null,
        costo numeric(10,2) not null,
        durata_minuti integer,
        created_at timestamp(6) not null,
        id bigint generated by default as identity,
        negozio_id bigint not null,
        updated_at timestamp(6) not null,
        nome_trattamento varchar(200) not null,
        descrizione TEXT,
        info_aggiuntive TEXT,
        primary key (id)
    )
2026-06-21 16:19:25 DEBUG org.hibernate.SQL - 
    create table voci_scontrino (
        prezzo_unitario numeric(10,2) not null,
        quantita integer not null,
        subtotale numeric(10,2) not null,
        id bigint generated by default as identity,
        prodotto_id bigint,
        scontrino_id bigint not null,
        servizio_id bigint,
        descrizione varchar(300) not null,
        primary key (id)
    )
2026-06-21 16:19:25 DEBUG org.hibernate.SQL - 
    alter table if exists appuntamenti 
       add constraint FKgrqhpqb6emny3jd7sani5cjvu 
       foreign key (cliente_id) 
       references clienti
2026-06-21 16:19:25 DEBUG org.hibernate.SQL - 
    alter table if exists appuntamenti 
       add constraint FKnjsnqiw0iw714nnt7egd8xh1m 
       foreign key (negozio_id) 
       references negozi
2026-06-21 16:19:25 DEBUG org.hibernate.SQL - 
    alter table if exists appuntamenti 
       add constraint FK9db5xaxy41ta3oftl58yhmlb9 
       foreign key (servizio_id) 
       references servizi
2026-06-21 16:19:25 DEBUG org.hibernate.SQL - 
    alter table if exists casse 
       add constraint FKh0hj4shyrudb8fvag2i1su0vt 
       foreign key (negozio_id) 
       references negozi
2026-06-21 16:19:25 DEBUG org.hibernate.SQL - 
    alter table if exists chiusure_cassa 
       add constraint FKp5fct6q19v5lbihsdi9fdlf5q 
       foreign key (cassa_id) 
       references casse
2026-06-21 16:19:25 DEBUG org.hibernate.SQL - 
    alter table if exists clienti 
       add constraint FK4mm0opkytbka7uq0snjdqxc08 
       foreign key (negozio_id) 
       references negozi
2026-06-21 16:19:25 DEBUG org.hibernate.SQL - 
    alter table if exists movimenti_cassa 
       add constraint FKnx8n05j8ttr7jbumrhpfkkj19 
       foreign key (cassa_id) 
       references casse
2026-06-21 16:19:25 DEBUG org.hibernate.SQL - 
    alter table if exists movimenti_cassa 
       add constraint FK74enqw4d46mclisphjaq4bvro 
       foreign key (scontrino_id) 
       references scontrini
2026-06-21 16:19:25 DEBUG org.hibernate.SQL - 
    alter table if exists negozi 
       add constraint FKehmdx86nsr2fjcvs19ysa00nx 
       foreign key (admin_id) 
       references amministratori
2026-06-21 16:19:25 DEBUG org.hibernate.SQL - 
    alter table if exists prodotti 
       add constraint FKmsxt4vksbh7p3x0yarhyaehql 
       foreign key (negozio_id) 
       references negozi
2026-06-21 16:19:25 DEBUG org.hibernate.SQL - 
    alter table if exists scontrini 
       add constraint FKn95dsj027p43w8do4hn9n5t0e 
       foreign key (appuntamento_id) 
       references appuntamenti
2026-06-21 16:19:25 DEBUG org.hibernate.SQL - 
    alter table if exists scontrini 
       add constraint FKsm4hpr23n12mwp09ubt4n3g24 
       foreign key (cliente_id) 
       references clienti
2026-06-21 16:19:25 DEBUG org.hibernate.SQL - 
    alter table if exists scontrini 
       add constraint FKrijnn35iud9e6degwtdir5rtg 
       foreign key (negozio_id) 
       references negozi
2026-06-21 16:19:25 DEBUG org.hibernate.SQL - 
    alter table if exists servizi 
       add constraint FKi8a7cfco05csktul8xh87kvun 
       foreign key (negozio_id) 
       references negozi
2026-06-21 16:19:25 DEBUG org.hibernate.SQL - 
    alter table if exists voci_scontrino 
       add constraint FKh9eu7hnjg47mgdfbwoxwundxs 
       foreign key (prodotto_id) 
       references prodotti
2026-06-21 16:19:25 DEBUG org.hibernate.SQL - 
    alter table if exists voci_scontrino 
       add constraint FKjgy6ixt9oxqwg1493derjnena 
       foreign key (scontrino_id) 
       references scontrini
2026-06-21 16:19:25 DEBUG org.hibernate.SQL - 
    alter table if exists voci_scontrino 
       add constraint FKrm8r0lyffaau7ub9ww162rbd2 
       foreign key (servizio_id) 
       references servizi
2026-06-21 16:19:25 INFO  o.s.o.j.LocalContainerEntityManagerFactoryBean - Initialized JPA EntityManagerFactory for persistence unit 'default'
2026-06-21 16:19:26 INFO  o.s.d.j.r.query.QueryEnhancerFactory - Hibernate is in classpath; If applicable, HQL parser will be used.
2026-06-21 16:19:28 INFO  o.s.s.c.a.a.c.InitializeUserDetailsBeanManagerConfigurer$InitializeUserDetailsManagerConfigurer - Global AuthenticationManager configured with UserDetailsService bean with name customUserDetailsService
2026-06-21 16:19:28 INFO  c.r.ReserveMeApplicationTests - Started ReserveMeApplicationTests in 6.789 seconds (process running for 7.688)
2026-06-21 16:19:30 INFO  o.s.o.j.LocalContainerEntityManagerFactoryBean - Closing JPA EntityManagerFactory for persistence unit 'default'
2026-06-21 16:19:30 DEBUG org.hibernate.SQL - 
    drop table if exists amministratori cascade 
2026-06-21 16:19:30 DEBUG org.hibernate.SQL - 
    drop table if exists appuntamenti cascade 
2026-06-21 16:19:30 DEBUG org.hibernate.SQL - 
    drop table if exists casse cascade 
2026-06-21 16:19:30 DEBUG org.hibernate.SQL - 
    drop table if exists chiusure_cassa cascade 
2026-06-21 16:19:30 DEBUG org.hibernate.SQL - 
    drop table if exists clienti cascade 
2026-06-21 16:19:30 DEBUG org.hibernate.SQL - 
    drop table if exists movimenti_cassa cascade 
2026-06-21 16:19:30 DEBUG org.hibernate.SQL - 
    drop table if exists negozi cascade 
2026-06-21 16:19:30 DEBUG org.hibernate.SQL - 
    drop table if exists prodotti cascade 
2026-06-21 16:19:30 DEBUG org.hibernate.SQL - 
    drop table if exists scontrini cascade 
2026-06-21 16:19:30 DEBUG org.hibernate.SQL - 
    drop table if exists servizi cascade 
2026-06-21 16:19:30 DEBUG org.hibernate.SQL - 
    drop table if exists voci_scontrino cascade 
2026-06-21 16:19:30 INFO  com.zaxxer.hikari.HikariDataSource - HikariPool-1 - Shutdown initiated...
2026-06-21 16:19:30 INFO  com.zaxxer.hikari.HikariDataSource - HikariPool-1 - Shutdown completed.
2026-06-21 16:20:27 INFO  o.h.validator.internal.util.Version - HV000001: Hibernate Validator 8.0.2.Final
2026-06-21 16:20:27 INFO  c.r.ReserveMeApplicationTests - Starting ReserveMeApplicationTests using Java 21.0.8 with PID 39704 (started by Stefano in C:\Users\Stefano\Desktop\ReserveME\ReserveME\backend)
2026-06-21 16:20:27 DEBUG c.r.ReserveMeApplicationTests - Running with Spring Boot v3.5.3, Spring v6.2.8
2026-06-21 16:20:27 INFO  c.r.ReserveMeApplicationTests - The following 1 profile is active: "test"
2026-06-21 16:20:28 INFO  o.s.d.r.c.RepositoryConfigurationDelegate - Bootstrapping Spring Data JPA repositories in DEFAULT mode.
2026-06-21 16:20:29 INFO  o.s.d.r.c.RepositoryConfigurationDelegate - Finished Spring Data repository scanning in 89 ms. Found 11 JPA repository interfaces.
2026-06-21 16:20:29 INFO  o.h.jpa.internal.util.LogHelper - HHH000204: Processing PersistenceUnitInfo [name: default]
2026-06-21 16:20:29 INFO  org.hibernate.Version - HHH000412: Hibernate ORM core version 6.6.18.Final
2026-06-21 16:20:29 INFO  o.h.c.i.RegionFactoryInitiator - HHH000026: Second-level cache disabled
2026-06-21 16:20:30 INFO  o.s.o.j.p.SpringPersistenceUnitInfo - No LoadTimeWeaver setup: ignoring JPA class transformer
2026-06-21 16:20:30 INFO  com.zaxxer.hikari.HikariDataSource - HikariPool-1 - Starting...
2026-06-21 16:20:30 INFO  com.zaxxer.hikari.pool.HikariPool - HikariPool-1 - Added connection conn0: url=jdbc:h2:mem:testdb user=SA
2026-06-21 16:20:30 INFO  com.zaxxer.hikari.HikariDataSource - HikariPool-1 - Start completed.
2026-06-21 16:20:30 WARN  org.hibernate.orm.deprecation - HHH90000025: H2Dialect does not need to be specified explicitly using 'hibernate.dialect' (remove the property setting and it will be selected by default)
2026-06-21 16:20:30 INFO  o.hibernate.orm.connections.pooling - HHH10001005: Database info:
	Database JDBC URL [Connecting through datasource 'HikariDataSource (HikariPool-1)']
	Database driver: undefined/unknown
	Database version: 2.3.232
	Autocommit mode: undefined/unknown
	Isolation level: undefined/unknown
	Minimum pool size: undefined/unknown
	Maximum pool size: undefined/unknown
2026-06-21 16:20:31 INFO  o.h.e.t.j.p.i.JtaPlatformInitiator - HHH000489: No JTA platform available (set 'hibernate.transaction.jta.platform' to enable JTA platform integration)
2026-06-21 16:20:31 DEBUG org.hibernate.SQL - 
    drop table if exists amministratori cascade 
2026-06-21 16:20:31 DEBUG org.hibernate.SQL - 
    drop table if exists appuntamenti cascade 
2026-06-21 16:20:31 DEBUG org.hibernate.SQL - 
    drop table if exists casse cascade 
2026-06-21 16:20:31 DEBUG org.hibernate.SQL - 
    drop table if exists chiusure_cassa cascade 
2026-06-21 16:20:31 DEBUG org.hibernate.SQL - 
    drop table if exists clienti cascade 
2026-06-21 16:20:31 DEBUG org.hibernate.SQL - 
    drop table if exists movimenti_cassa cascade 
2026-06-21 16:20:31 DEBUG org.hibernate.SQL - 
    drop table if exists negozi cascade 
2026-06-21 16:20:31 DEBUG org.hibernate.SQL - 
    drop table if exists prodotti cascade 
2026-06-21 16:20:31 DEBUG org.hibernate.SQL - 
    drop table if exists scontrini cascade 
2026-06-21 16:20:31 DEBUG org.hibernate.SQL - 
    drop table if exists servizi cascade 
2026-06-21 16:20:31 DEBUG org.hibernate.SQL - 
    drop table if exists voci_scontrino cascade 
2026-06-21 16:20:31 DEBUG org.hibernate.SQL - 
    create table amministratori (
        created_at timestamp(6) not null,
        updated_at timestamp(6) not null,
        id uuid not null,
        telefono varchar(20),
        codice_univoco varchar(50) not null unique,
        cognome varchar(100) not null,
        nome varchar(100) not null,
        email varchar(150) not null unique,
        password varchar(255) not null,
        primary key (id)
    )
2026-06-21 16:20:31 DEBUG org.hibernate.SQL - 
    create table appuntamenti (
        cliente_id bigint not null,
        created_at timestamp(6) not null,
        data_ora_fine timestamp(6) not null,
        data_ora_inizio timestamp(6) not null,
        id bigint generated by default as identity,
        negozio_id bigint not null,
        servizio_id bigint not null,
        updated_at timestamp(6) not null,
        note TEXT,
        stato enum ('ANNULLATO','COMPLETATO','CONFERMATO','IN_ATTESA') not null,
        primary key (id)
    )
2026-06-21 16:20:31 DEBUG org.hibernate.SQL - 
    create table casse (
        saldo_contanti numeric(10,2),
        saldo_pos numeric(10,2),
        id bigint generated by default as identity,
        negozio_id bigint not null unique,
        ultimo_aggiornamento timestamp(6),
        primary key (id)
    )
2026-06-21 16:20:31 DEBUG org.hibernate.SQL - 
    create table chiusure_cassa (
        num_fatture integer,
        num_scontrini integer,
        totale_contanti numeric(10,2) not null,
        totale_generale numeric(10,2) not null,
        totale_pos numeric(10,2) not null,
        cassa_id bigint not null,
        created_at timestamp(6) not null,
        data_chiusura timestamp(6) not null,
        id bigint generated by default as identity,
        note TEXT,
        primary key (id)
    )
2026-06-21 16:20:31 DEBUG org.hibernate.SQL - 
    create table clienti (
        created_at timestamp(6) not null,
        id bigint generated by default as identity,
        negozio_id bigint not null,
        updated_at timestamp(6) not null,
        telefono varchar(20) not null,
        cognome varchar(100) not null,
        nome varchar(100) not null,
        email varchar(150),
        note TEXT,
        primary key (id)
    )
2026-06-21 16:20:31 DEBUG org.hibernate.SQL - 
    create table movimenti_cassa (
        importo numeric(10,2) not null,
        cassa_id bigint not null,
        data timestamp(6) not null,
        id bigint generated by default as identity,
        scontrino_id bigint,
        descrizione varchar(300),
        metodo enum ('CONTANTI','MISTO','POS') not null,
        tipo enum ('ENTRATA','USCITA') not null,
        primary key (id)
    )
2026-06-21 16:20:31 DEBUG org.hibernate.SQL - 
    create table negozi (
        created_at timestamp(6) not null,
        id bigint generated by default as identity,
        updated_at timestamp(6) not null,
        cap varchar(10),
        admin_id uuid not null unique,
        partita_iva varchar(20) unique,
        telefono varchar(20),
        citta varchar(100),
        nome varchar(200) not null,
        indirizzo varchar(300),
        tipo enum ('BARBERIA','CENTRO_ESTETICO','CENTRO_MASSAGGI','PARRUCCHIERE') not null,
        primary key (id)
    )
2026-06-21 16:20:31 DEBUG org.hibernate.SQL - 
    create table prodotti (
        prezzo_acquisto numeric(10,2) not null,
        prezzo_vendita numeric(10,2) not null,
        quantita integer not null,
        ricarico_percentuale numeric(5,2),
        soglia_minima integer,
        created_at timestamp(6) not null,
        id bigint generated by default as identity,
        negozio_id bigint not null,
        updated_at timestamp(6) not null,
        nome varchar(200) not null,
        descrizione TEXT,
        primary key (id)
    )
2026-06-21 16:20:31 DEBUG org.hibernate.SQL - 
    create table scontrini (
        importo_contanti numeric(10,2),
        importo_pos numeric(10,2),
        totale numeric(10,2) not null,
        appuntamento_id bigint unique,
        cliente_id bigint,
        created_at timestamp(6) not null,
        data_emissione timestamp(6) not null,
        id bigint generated by default as identity,
        negozio_id bigint not null,
        numero_documento varchar(50) not null,
        metodo_pagamento enum ('CONTANTI','MISTO','POS') not null,
        stato enum ('ANNULLATO','EMESSO') not null,
        tipo_documento enum ('FATTURA','SCONTRINO') not null,
        primary key (id)
    )
2026-06-21 16:20:31 DEBUG org.hibernate.SQL - 
    create table servizi (
        attivo boolean not null,
        costo numeric(10,2) not null,
        durata_minuti integer,
        created_at timestamp(6) not null,
        id bigint generated by default as identity,
        negozio_id bigint not null,
        updated_at timestamp(6) not null,
        nome_trattamento varchar(200) not null,
        descrizione TEXT,
        info_aggiuntive TEXT,
        primary key (id)
    )
2026-06-21 16:20:31 DEBUG org.hibernate.SQL - 
    create table voci_scontrino (
        prezzo_unitario numeric(10,2) not null,
        quantita integer not null,
        subtotale numeric(10,2) not null,
        id bigint generated by default as identity,
        prodotto_id bigint,
        scontrino_id bigint not null,
        servizio_id bigint,
        descrizione varchar(300) not null,
        primary key (id)
    )
2026-06-21 16:20:31 DEBUG org.hibernate.SQL - 
    alter table if exists appuntamenti 
       add constraint FKgrqhpqb6emny3jd7sani5cjvu 
       foreign key (cliente_id) 
       references clienti
2026-06-21 16:20:31 DEBUG org.hibernate.SQL - 
    alter table if exists appuntamenti 
       add constraint FKnjsnqiw0iw714nnt7egd8xh1m 
       foreign key (negozio_id) 
       references negozi
2026-06-21 16:20:31 DEBUG org.hibernate.SQL - 
    alter table if exists appuntamenti 
       add constraint FK9db5xaxy41ta3oftl58yhmlb9 
       foreign key (servizio_id) 
       references servizi
2026-06-21 16:20:31 DEBUG org.hibernate.SQL - 
    alter table if exists casse 
       add constraint FKh0hj4shyrudb8fvag2i1su0vt 
       foreign key (negozio_id) 
       references negozi
2026-06-21 16:20:31 DEBUG org.hibernate.SQL - 
    alter table if exists chiusure_cassa 
       add constraint FKp5fct6q19v5lbihsdi9fdlf5q 
       foreign key (cassa_id) 
       references casse
2026-06-21 16:20:31 DEBUG org.hibernate.SQL - 
    alter table if exists clienti 
       add constraint FK4mm0opkytbka7uq0snjdqxc08 
       foreign key (negozio_id) 
       references negozi
2026-06-21 16:20:31 DEBUG org.hibernate.SQL - 
    alter table if exists movimenti_cassa 
       add constraint FKnx8n05j8ttr7jbumrhpfkkj19 
       foreign key (cassa_id) 
       references casse
2026-06-21 16:20:31 DEBUG org.hibernate.SQL - 
    alter table if exists movimenti_cassa 
       add constraint FK74enqw4d46mclisphjaq4bvro 
       foreign key (scontrino_id) 
       references scontrini
2026-06-21 16:20:31 DEBUG org.hibernate.SQL - 
    alter table if exists negozi 
       add constraint FKehmdx86nsr2fjcvs19ysa00nx 
       foreign key (admin_id) 
       references amministratori
2026-06-21 16:20:31 DEBUG org.hibernate.SQL - 
    alter table if exists prodotti 
       add constraint FKmsxt4vksbh7p3x0yarhyaehql 
       foreign key (negozio_id) 
       references negozi
2026-06-21 16:20:31 DEBUG org.hibernate.SQL - 
    alter table if exists scontrini 
       add constraint FKn95dsj027p43w8do4hn9n5t0e 
       foreign key (appuntamento_id) 
       references appuntamenti
2026-06-21 16:20:31 DEBUG org.hibernate.SQL - 
    alter table if exists scontrini 
       add constraint FKsm4hpr23n12mwp09ubt4n3g24 
       foreign key (cliente_id) 
       references clienti
2026-06-21 16:20:31 DEBUG org.hibernate.SQL - 
    alter table if exists scontrini 
       add constraint FKrijnn35iud9e6degwtdir5rtg 
       foreign key (negozio_id) 
       references negozi
2026-06-21 16:20:31 DEBUG org.hibernate.SQL - 
    alter table if exists servizi 
       add constraint FKi8a7cfco05csktul8xh87kvun 
       foreign key (negozio_id) 
       references negozi
2026-06-21 16:20:31 DEBUG org.hibernate.SQL - 
    alter table if exists voci_scontrino 
       add constraint FKh9eu7hnjg47mgdfbwoxwundxs 
       foreign key (prodotto_id) 
       references prodotti
2026-06-21 16:20:31 DEBUG org.hibernate.SQL - 
    alter table if exists voci_scontrino 
       add constraint FKjgy6ixt9oxqwg1493derjnena 
       foreign key (scontrino_id) 
       references scontrini
2026-06-21 16:20:31 DEBUG org.hibernate.SQL - 
    alter table if exists voci_scontrino 
       add constraint FKrm8r0lyffaau7ub9ww162rbd2 
       foreign key (servizio_id) 
       references servizi
2026-06-21 16:20:31 INFO  o.s.o.j.LocalContainerEntityManagerFactoryBean - Initialized JPA EntityManagerFactory for persistence unit 'default'
2026-06-21 16:20:32 INFO  o.s.d.j.r.query.QueryEnhancerFactory - Hibernate is in classpath; If applicable, HQL parser will be used.
2026-06-21 16:20:34 INFO  o.s.s.c.a.a.c.InitializeUserDetailsBeanManagerConfigurer$InitializeUserDetailsManagerConfigurer - Global AuthenticationManager configured with UserDetailsService bean with name customUserDetailsService
2026-06-21 16:20:34 INFO  c.r.ReserveMeApplicationTests - Started ReserveMeApplicationTests in 7.127 seconds (process running for 8.003)
2026-06-21 16:20:36 INFO  o.s.o.j.LocalContainerEntityManagerFactoryBean - Closing JPA EntityManagerFactory for persistence unit 'default'
2026-06-21 16:20:36 DEBUG org.hibernate.SQL - 
    drop table if exists amministratori cascade 
2026-06-21 16:20:36 DEBUG org.hibernate.SQL - 
    drop table if exists appuntamenti cascade 
2026-06-21 16:20:36 DEBUG org.hibernate.SQL - 
    drop table if exists casse cascade 
2026-06-21 16:20:36 DEBUG org.hibernate.SQL - 
    drop table if exists chiusure_cassa cascade 
2026-06-21 16:20:36 DEBUG org.hibernate.SQL - 
    drop table if exists clienti cascade 
2026-06-21 16:20:36 DEBUG org.hibernate.SQL - 
    drop table if exists movimenti_cassa cascade 
2026-06-21 16:20:36 DEBUG org.hibernate.SQL - 
    drop table if exists negozi cascade 
2026-06-21 16:20:36 DEBUG org.hibernate.SQL - 
    drop table if exists prodotti cascade 
2026-06-21 16:20:36 DEBUG org.hibernate.SQL - 
    drop table if exists scontrini cascade 
2026-06-21 16:20:36 DEBUG org.hibernate.SQL - 
    drop table if exists servizi cascade 
2026-06-21 16:20:36 DEBUG org.hibernate.SQL - 
    drop table if exists voci_scontrino cascade 
2026-06-21 16:20:36 INFO  com.zaxxer.hikari.HikariDataSource - HikariPool-1 - Shutdown initiated...
2026-06-21 16:20:36 INFO  com.zaxxer.hikari.HikariDataSource - HikariPool-1 - Shutdown completed.
2026-06-21 16:20:50 INFO  o.h.validator.internal.util.Version - HV000001: Hibernate Validator 8.0.2.Final
2026-06-21 16:20:50 INFO  c.r.ReserveMeApplicationTests - Starting ReserveMeApplicationTests using Java 21.0.8 with PID 39260 (started by Stefano in C:\Users\Stefano\Desktop\ReserveME\ReserveME\backend)
2026-06-21 16:20:50 DEBUG c.r.ReserveMeApplicationTests - Running with Spring Boot v3.5.3, Spring v6.2.8
2026-06-21 16:20:50 INFO  c.r.ReserveMeApplicationTests - The following 1 profile is active: "test"
2026-06-21 16:20:51 INFO  o.s.d.r.c.RepositoryConfigurationDelegate - Bootstrapping Spring Data JPA repositories in DEFAULT mode.
2026-06-21 16:20:51 INFO  o.s.d.r.c.RepositoryConfigurationDelegate - Finished Spring Data repository scanning in 78 ms. Found 11 JPA repository interfaces.
2026-06-21 16:20:51 INFO  o.h.jpa.internal.util.LogHelper - HHH000204: Processing PersistenceUnitInfo [name: default]
2026-06-21 16:20:52 INFO  org.hibernate.Version - HHH000412: Hibernate ORM core version 6.6.18.Final
2026-06-21 16:20:52 INFO  o.h.c.i.RegionFactoryInitiator - HHH000026: Second-level cache disabled
2026-06-21 16:20:52 INFO  o.s.o.j.p.SpringPersistenceUnitInfo - No LoadTimeWeaver setup: ignoring JPA class transformer
2026-06-21 16:20:52 INFO  com.zaxxer.hikari.HikariDataSource - HikariPool-1 - Starting...
2026-06-21 16:20:52 INFO  com.zaxxer.hikari.pool.HikariPool - HikariPool-1 - Added connection conn0: url=jdbc:h2:mem:testdb user=SA
2026-06-21 16:20:52 INFO  com.zaxxer.hikari.HikariDataSource - HikariPool-1 - Start completed.
2026-06-21 16:20:52 WARN  org.hibernate.orm.deprecation - HHH90000025: H2Dialect does not need to be specified explicitly using 'hibernate.dialect' (remove the property setting and it will be selected by default)
2026-06-21 16:20:52 INFO  o.hibernate.orm.connections.pooling - HHH10001005: Database info:
	Database JDBC URL [Connecting through datasource 'HikariDataSource (HikariPool-1)']
	Database driver: undefined/unknown
	Database version: 2.3.232
	Autocommit mode: undefined/unknown
	Isolation level: undefined/unknown
	Minimum pool size: undefined/unknown
	Maximum pool size: undefined/unknown
2026-06-21 16:20:53 INFO  o.h.e.t.j.p.i.JtaPlatformInitiator - HHH000489: No JTA platform available (set 'hibernate.transaction.jta.platform' to enable JTA platform integration)
2026-06-21 16:20:53 DEBUG org.hibernate.SQL - 
    drop table if exists amministratori cascade 
2026-06-21 16:20:53 DEBUG org.hibernate.SQL - 
    drop table if exists appuntamenti cascade 
2026-06-21 16:20:53 DEBUG org.hibernate.SQL - 
    drop table if exists casse cascade 
2026-06-21 16:20:53 DEBUG org.hibernate.SQL - 
    drop table if exists chiusure_cassa cascade 
2026-06-21 16:20:53 DEBUG org.hibernate.SQL - 
    drop table if exists clienti cascade 
2026-06-21 16:20:53 DEBUG org.hibernate.SQL - 
    drop table if exists movimenti_cassa cascade 
2026-06-21 16:20:53 DEBUG org.hibernate.SQL - 
    drop table if exists negozi cascade 
2026-06-21 16:20:53 DEBUG org.hibernate.SQL - 
    drop table if exists prodotti cascade 
2026-06-21 16:20:53 DEBUG org.hibernate.SQL - 
    drop table if exists scontrini cascade 
2026-06-21 16:20:53 DEBUG org.hibernate.SQL - 
    drop table if exists servizi cascade 
2026-06-21 16:20:53 DEBUG org.hibernate.SQL - 
    drop table if exists voci_scontrino cascade 
2026-06-21 16:20:53 DEBUG org.hibernate.SQL - 
    create table amministratori (
        created_at timestamp(6) not null,
        updated_at timestamp(6) not null,
        id uuid not null,
        telefono varchar(20),
        codice_univoco varchar(50) not null unique,
        cognome varchar(100) not null,
        nome varchar(100) not null,
        email varchar(150) not null unique,
        password varchar(255) not null,
        primary key (id)
    )
2026-06-21 16:20:53 DEBUG org.hibernate.SQL - 
    create table appuntamenti (
        cliente_id bigint not null,
        created_at timestamp(6) not null,
        data_ora_fine timestamp(6) not null,
        data_ora_inizio timestamp(6) not null,
        id bigint generated by default as identity,
        negozio_id bigint not null,
        servizio_id bigint not null,
        updated_at timestamp(6) not null,
        note TEXT,
        stato enum ('ANNULLATO','COMPLETATO','CONFERMATO','IN_ATTESA') not null,
        primary key (id)
    )
2026-06-21 16:20:53 DEBUG org.hibernate.SQL - 
    create table casse (
        saldo_contanti numeric(10,2),
        saldo_pos numeric(10,2),
        id bigint generated by default as identity,
        negozio_id bigint not null unique,
        ultimo_aggiornamento timestamp(6),
        primary key (id)
    )
2026-06-21 16:20:53 DEBUG org.hibernate.SQL - 
    create table chiusure_cassa (
        num_fatture integer,
        num_scontrini integer,
        totale_contanti numeric(10,2) not null,
        totale_generale numeric(10,2) not null,
        totale_pos numeric(10,2) not null,
        cassa_id bigint not null,
        created_at timestamp(6) not null,
        data_chiusura timestamp(6) not null,
        id bigint generated by default as identity,
        note TEXT,
        primary key (id)
    )
2026-06-21 16:20:53 DEBUG org.hibernate.SQL - 
    create table clienti (
        created_at timestamp(6) not null,
        id bigint generated by default as identity,
        negozio_id bigint not null,
        updated_at timestamp(6) not null,
        telefono varchar(20) not null,
        cognome varchar(100) not null,
        nome varchar(100) not null,
        email varchar(150),
        note TEXT,
        primary key (id)
    )
2026-06-21 16:20:53 DEBUG org.hibernate.SQL - 
    create table movimenti_cassa (
        importo numeric(10,2) not null,
        cassa_id bigint not null,
        data timestamp(6) not null,
        id bigint generated by default as identity,
        scontrino_id bigint,
        descrizione varchar(300),
        metodo enum ('CONTANTI','MISTO','POS') not null,
        tipo enum ('ENTRATA','USCITA') not null,
        primary key (id)
    )
2026-06-21 16:20:53 DEBUG org.hibernate.SQL - 
    create table negozi (
        created_at timestamp(6) not null,
        id bigint generated by default as identity,
        updated_at timestamp(6) not null,
        cap varchar(10),
        admin_id uuid not null unique,
        partita_iva varchar(20) unique,
        telefono varchar(20),
        citta varchar(100),
        nome varchar(200) not null,
        indirizzo varchar(300),
        tipo enum ('BARBERIA','CENTRO_ESTETICO','CENTRO_MASSAGGI','PARRUCCHIERE') not null,
        primary key (id)
    )
2026-06-21 16:20:53 DEBUG org.hibernate.SQL - 
    create table prodotti (
        prezzo_acquisto numeric(10,2) not null,
        prezzo_vendita numeric(10,2) not null,
        quantita integer not null,
        ricarico_percentuale numeric(5,2),
        soglia_minima integer,
        created_at timestamp(6) not null,
        id bigint generated by default as identity,
        negozio_id bigint not null,
        updated_at timestamp(6) not null,
        nome varchar(200) not null,
        descrizione TEXT,
        primary key (id)
    )
2026-06-21 16:20:53 DEBUG org.hibernate.SQL - 
    create table scontrini (
        importo_contanti numeric(10,2),
        importo_pos numeric(10,2),
        totale numeric(10,2) not null,
        appuntamento_id bigint unique,
        cliente_id bigint,
        created_at timestamp(6) not null,
        data_emissione timestamp(6) not null,
        id bigint generated by default as identity,
        negozio_id bigint not null,
        numero_documento varchar(50) not null,
        metodo_pagamento enum ('CONTANTI','MISTO','POS') not null,
        stato enum ('ANNULLATO','EMESSO') not null,
        tipo_documento enum ('FATTURA','SCONTRINO') not null,
        primary key (id)
    )
2026-06-21 16:20:53 DEBUG org.hibernate.SQL - 
    create table servizi (
        attivo boolean not null,
        costo numeric(10,2) not null,
        durata_minuti integer,
        created_at timestamp(6) not null,
        id bigint generated by default as identity,
        negozio_id bigint not null,
        updated_at timestamp(6) not null,
        nome_trattamento varchar(200) not null,
        descrizione TEXT,
        info_aggiuntive TEXT,
        primary key (id)
    )
2026-06-21 16:20:53 DEBUG org.hibernate.SQL - 
    create table voci_scontrino (
        prezzo_unitario numeric(10,2) not null,
        quantita integer not null,
        subtotale numeric(10,2) not null,
        id bigint generated by default as identity,
        prodotto_id bigint,
        scontrino_id bigint not null,
        servizio_id bigint,
        descrizione varchar(300) not null,
        primary key (id)
    )
2026-06-21 16:20:53 DEBUG org.hibernate.SQL - 
    alter table if exists appuntamenti 
       add constraint FKgrqhpqb6emny3jd7sani5cjvu 
       foreign key (cliente_id) 
       references clienti
2026-06-21 16:20:53 DEBUG org.hibernate.SQL - 
    alter table if exists appuntamenti 
       add constraint FKnjsnqiw0iw714nnt7egd8xh1m 
       foreign key (negozio_id) 
       references negozi
2026-06-21 16:20:53 DEBUG org.hibernate.SQL - 
    alter table if exists appuntamenti 
       add constraint FK9db5xaxy41ta3oftl58yhmlb9 
       foreign key (servizio_id) 
       references servizi
2026-06-21 16:20:53 DEBUG org.hibernate.SQL - 
    alter table if exists casse 
       add constraint FKh0hj4shyrudb8fvag2i1su0vt 
       foreign key (negozio_id) 
       references negozi
2026-06-21 16:20:53 DEBUG org.hibernate.SQL - 
    alter table if exists chiusure_cassa 
       add constraint FKp5fct6q19v5lbihsdi9fdlf5q 
       foreign key (cassa_id) 
       references casse
2026-06-21 16:20:53 DEBUG org.hibernate.SQL - 
    alter table if exists clienti 
       add constraint FK4mm0opkytbka7uq0snjdqxc08 
       foreign key (negozio_id) 
       references negozi
2026-06-21 16:20:53 DEBUG org.hibernate.SQL - 
    alter table if exists movimenti_cassa 
       add constraint FKnx8n05j8ttr7jbumrhpfkkj19 
       foreign key (cassa_id) 
       references casse
2026-06-21 16:20:53 DEBUG org.hibernate.SQL - 
    alter table if exists movimenti_cassa 
       add constraint FK74enqw4d46mclisphjaq4bvro 
       foreign key (scontrino_id) 
       references scontrini
2026-06-21 16:20:53 DEBUG org.hibernate.SQL - 
    alter table if exists negozi 
       add constraint FKehmdx86nsr2fjcvs19ysa00nx 
       foreign key (admin_id) 
       references amministratori
2026-06-21 16:20:53 DEBUG org.hibernate.SQL - 
    alter table if exists prodotti 
       add constraint FKmsxt4vksbh7p3x0yarhyaehql 
       foreign key (negozio_id) 
       references negozi
2026-06-21 16:20:53 DEBUG org.hibernate.SQL - 
    alter table if exists scontrini 
       add constraint FKn95dsj027p43w8do4hn9n5t0e 
       foreign key (appuntamento_id) 
       references appuntamenti
2026-06-21 16:20:53 DEBUG org.hibernate.SQL - 
    alter table if exists scontrini 
       add constraint FKsm4hpr23n12mwp09ubt4n3g24 
       foreign key (cliente_id) 
       references clienti
2026-06-21 16:20:53 DEBUG org.hibernate.SQL - 
    alter table if exists scontrini 
       add constraint FKrijnn35iud9e6degwtdir5rtg 
       foreign key (negozio_id) 
       references negozi
2026-06-21 16:20:53 DEBUG org.hibernate.SQL - 
    alter table if exists servizi 
       add constraint FKi8a7cfco05csktul8xh87kvun 
       foreign key (negozio_id) 
       references negozi
2026-06-21 16:20:53 DEBUG org.hibernate.SQL - 
    alter table if exists voci_scontrino 
       add constraint FKh9eu7hnjg47mgdfbwoxwundxs 
       foreign key (prodotto_id) 
       references prodotti
2026-06-21 16:20:53 DEBUG org.hibernate.SQL - 
    alter table if exists voci_scontrino 
       add constraint FKjgy6ixt9oxqwg1493derjnena 
       foreign key (scontrino_id) 
       references scontrini
2026-06-21 16:20:53 DEBUG org.hibernate.SQL - 
    alter table if exists voci_scontrino 
       add constraint FKrm8r0lyffaau7ub9ww162rbd2 
       foreign key (servizio_id) 
       references servizi
2026-06-21 16:20:53 INFO  o.s.o.j.LocalContainerEntityManagerFactoryBean - Initialized JPA EntityManagerFactory for persistence unit 'default'
2026-06-21 16:20:54 INFO  o.s.d.j.r.query.QueryEnhancerFactory - Hibernate is in classpath; If applicable, HQL parser will be used.
2026-06-21 16:20:56 INFO  o.s.s.c.a.a.c.InitializeUserDetailsBeanManagerConfigurer$InitializeUserDetailsManagerConfigurer - Global AuthenticationManager configured with UserDetailsService bean with name customUserDetailsService
2026-06-21 16:20:57 INFO  c.r.ReserveMeApplicationTests - Started ReserveMeApplicationTests in 7.282 seconds (process running for 8.079)
2026-06-21 16:20:58 INFO  o.s.o.j.LocalContainerEntityManagerFactoryBean - Closing JPA EntityManagerFactory for persistence unit 'default'
2026-06-21 16:20:58 DEBUG org.hibernate.SQL - 
    drop table if exists amministratori cascade 
2026-06-21 16:20:59 DEBUG org.hibernate.SQL - 
    drop table if exists appuntamenti cascade 
2026-06-21 16:20:59 DEBUG org.hibernate.SQL - 
    drop table if exists casse cascade 
2026-06-21 16:20:59 DEBUG org.hibernate.SQL - 
    drop table if exists chiusure_cassa cascade 
2026-06-21 16:20:59 DEBUG org.hibernate.SQL - 
    drop table if exists clienti cascade 
2026-06-21 16:20:59 DEBUG org.hibernate.SQL - 
    drop table if exists movimenti_cassa cascade 
2026-06-21 16:20:59 DEBUG org.hibernate.SQL - 
    drop table if exists negozi cascade 
2026-06-21 16:20:59 DEBUG org.hibernate.SQL - 
    drop table if exists prodotti cascade 
2026-06-21 16:20:59 DEBUG org.hibernate.SQL - 
    drop table if exists scontrini cascade 
2026-06-21 16:20:59 DEBUG org.hibernate.SQL - 
    drop table if exists servizi cascade 
2026-06-21 16:20:59 DEBUG org.hibernate.SQL - 
    drop table if exists voci_scontrino cascade 
2026-06-21 16:20:59 INFO  com.zaxxer.hikari.HikariDataSource - HikariPool-1 - Shutdown initiated...
2026-06-21 16:20:59 INFO  com.zaxxer.hikari.HikariDataSource - HikariPool-1 - Shutdown completed.
